<?xml version="1.0" encoding="UTF-8"?>
<!DOCTYPE mapper PUBLIC "-//mybatis.org//DTD Mapper 3.0//EN" "http://mybatis.org/dtd/mybatis-3-mapper.dtd">
<mapper namespace="cn.jmu.dao.AdministratorMapper">
  <resultMap id="BaseResultMap" type="cn.jmu.bean.Administrator">
    <id column="adminId" jdbcType="INTEGER" property="adminid" />
    <result column="loginId" jdbcType="VARCHAR" property="loginid" />
    <result column="password" jdbcType="VARCHAR" property="password" />
    <result column="authority" jdbcType="VARCHAR" property="authority" />
  </resultMap>
  <sql id="Example_Where_Clause">
    <where>
      <foreach collection="oredCriteria" item="criteria" separator="or">
        <if test="criteria.valid">
          <trim prefix="(" prefixOverrides="and" suffix=")">
            <foreach collection="criteria.criteria" item="criterion">
              <choose>
                <when test="criterion.noValue">
                  and ${criterion.condition}
                </when>
                <when test="criterion.singleValue">
                  and ${criterion.condition} #{criterion.value}
                </when>
                <when test="criterion.betweenValue">
                  and ${criterion.condition} #{criterion.value} and #{criterion.secondValue}
                </when>
                <when test="criterion.listValue">
                  and ${criterion.condition}
                  <foreach close=")" collection="criterion.value" item="listItem" open="(" separator=",">
                    #{listItem}
                  </foreach>
                </when>
              </choose>
            </foreach>
          </trim>
        </if>
      </foreach>
    </where>
  </sql>
  <sql id="Update_By_Example_Where_Clause">
    <where>
      <foreach collection="example.oredCriteria" item="criteria" separator="or">
        <if test="criteria.valid">
          <trim prefix="(" prefixOverrides="and" suffix=")">
            <foreach collection="criteria.criteria" item="criterion">
              <choose>
                <when test="criterion.noValue">
                  and ${criterion.condition}
                </when>
                <when test="criterion.singleValue">
                  and ${criterion.condition} #{criterion.value}
                </when>
                <when test="criterion.betweenValue">
                  and ${criterion.condition} #{criterion.value} and #{criterion.secondValue}
                </when>
                <when test="criterion.listValue">
                  and ${criterion.condition}
                  <foreach close=")" collection="criterion.value" item="listItem" open="(" separator=",">
                    #{listItem}
                  </foreach>
                </when>
              </choose>
            </foreach>
          </trim>
        </if>
      </foreach>
    </where>
  </sql>
  <sql id="Base_Column_List">
    adminId, loginId, password, authority
  </sql>
  <select id="selectByExample" parameterType="cn.jmu.bean.AdministratorExample" resultMap="BaseResultMap">
    select
    <if test="distinct">
      distinct
    </if>
    <include refid="Base_Column_List" />
    from administrator
    <if test="_parameter != null">
      <include refid="Example_Where_Clause" />
    </if>
    <if test="orderByClause != null">
      order by ${orderByClause}
    </if>
  </select>
  <select id="selectByPrimaryKey" parameterType="java.lang.Integer" resultMap="BaseResultMap">
    select 
    <include refid="Base_Column_List" />
    from administrator
    where adminId = #{adminid,jdbcType=INTEGER}
  </select>
  <delete id="deleteByPrimaryKey" parameterType="java.lang.Integer">
    delete from administrator
    where adminId = #{adminid,jdbcType=INTEGER}
  </delete>
  <delete id="deleteByExample" parameterType="cn.jmu.bean.AdministratorExample">
    delete from administrator
    <if test="_parameter != null">
      <include refid="Example_Where_Clause" />
    </if>
  </delete>
  <insert id="insert" parameterType="cn.jmu.bean.Administrator">
    insert into administrator (adminId, loginId, password, 
      authority)
    values (#{adminid,jdbcType=INTEGER}, #{loginid,jdbcType=VARCHAR}, #{password,jdbcType=VARCHAR}, 
      #{authority,jdbcType=VARCHAR})
  </insert>
  <insert id="insertSelective" parameterType="cn.jmu.bean.Administrator">
    insert into administrator
    <trim prefix="(" suffix=")" suffixOverrides=",">
      <if test="adminid != null">
        adminId,
      </if>
      <if test="loginid != null">
        loginId,
      </if>
      <if test="password != null">
        password,
      </if>
      <if test="authority != null">
        authority,
      </if>
    </trim>
    <trim prefix="values (" suffix=")" suffixOverrides=",">
      <if test="adminid != null">
        #{adminid,jdbcType=INTEGER},
      </if>
      <if test="loginid != null">
        #{loginid,jdbcType=VARCHAR},
      </if>
      <if test="password != null">
        #{password,jdbcType=VARCHAR},
      </if>
      <if test="authority != null">
        #{authority,jdbcType=VARCHAR},
      </if>
    </trim>
  </insert>
  <select id="countByExample" parameterType="cn.jmu.bean.AdministratorExample" resultType="java.lang.Long">
    select count(*) from administrator
    <if test="_parameter != null">
      <include refid="Example_Where_Clause" />
    </if>
  </select>
  <update id="updateByExampleSelective" parameterType="map">
    update administrator
    <set>
      <if test="record.adminid != null">
        adminId = #{record.adminid,jdbcType=INTEGER},
      </if>
      <if test="record.loginid != null">
        loginId = #{record.loginid,jdbcType=VARCHAR},
      </if>
      <if test="record.password != null">
        password = #{record.password,jdbcType=VARCHAR},
      </if>
      <if test="record.authority != null">
        authority = #{record.authority,jdbcType=VARCHAR},
      </if>
    </set>
    <if test="_parameter != null">
      <include refid="Update_By_Example_Where_Clause" />
    </if>
  </update>
  <update id="updateByExample" parameterType="map">
    update administrator
    set adminId = #{record.adminid,jdbcType=INTEGER},
      loginId = #{record.loginid,jdbcType=VARCHAR},
      password = #{record.password,jdbcType=VARCHAR},
      authority = #{record.authority,jdbcType=VARCHAR}
    <if test="_parameter != null">
      <include refid="Update_By_Example_Where_Clause" />
    </if>
  </update>
  <update id="updateByPrimaryKeySelective" parameterType="cn.jmu.bean.Administrator">
    update administrator
    <set>
      <if test="loginid != null">
        loginId = #{loginid,jdbcType=VARCHAR},
      </if>
      <if test="password != null">
        password = #{password,jdbcType=VARCHAR},
      </if>
      <if test="authority != null">
        authority = #{authority,jdbcType=VARCHAR},
      </if>
    </set>
    where adminId = #{adminid,jdbcType=INTEGER}
  </update>
  <update id="updateByPrimaryKey" parameterType="cn.jmu.bean.Administrator">
    update administrator
    set loginId = #{loginid,jdbcType=VARCHAR},
      password = #{password,jdbcType=VARCHAR},
      authority = #{authority,jdbcType=VARCHAR}
    where adminId = #{adminid,jdbcType=INTEGER}
  </update>
</mapper>