<?xml version="1.0" encoding="UTF-8"?>
<!DOCTYPE mapper PUBLIC "-//mybatis.org//DTD Mapper 3.0//EN" "http://mybatis.org/dtd/mybatis-3-mapper.dtd">
<mapper namespace="cn.jmu.dao.AirportManagerMapper">
  <resultMap id="BaseResultMap" type="cn.jmu.bean.AirportManager">
    <result column="managerId" jdbcType="INTEGER" property="managerid" />
    <result column="authority" jdbcType="VARCHAR" property="authority" />
    <result column="loginId" jdbcType="VARCHAR" property="loginid" />
    <result column="password" jdbcType="VARCHAR" property="password" />
  </resultMap>
  <sql id="Example_Where_Clause">
    <where>
      <foreach collection="oredCriteria" item="criteria" separator="or">
        <if test="criteria.valid">
          <trim prefix="(" prefixOverrides="and" suffix=")">
            <foreach collection="criteria.criteria" item="criterion">
              <choose>
                <when test="criterion.noValue">
                  and ${criterion.condition}
                </when>
                <when test="criterion.singleValue">
                  and ${criterion.condition} #{criterion.value}
                </when>
                <when test="criterion.betweenValue">
                  and ${criterion.condition} #{criterion.value} and #{criterion.secondValue}
                </when>
                <when test="criterion.listValue">
                  and ${criterion.condition}
                  <foreach close=")" collection="criterion.value" item="listItem" open="(" separator=",">
                    #{listItem}
                  </foreach>
                </when>
              </choose>
            </foreach>
          </trim>
        </if>
      </foreach>
    </where>
  </sql>
  <sql id="Update_By_Example_Where_Clause">
    <where>
      <foreach collection="example.oredCriteria" item="criteria" separator="or">
        <if test="criteria.valid">
          <trim prefix="(" prefixOverrides="and" suffix=")">
            <foreach collection="criteria.criteria" item="criterion">
              <choose>
                <when test="criterion.noValue">
                  and ${criterion.condition}
                </when>
                <when test="criterion.singleValue">
                  and ${criterion.condition} #{criterion.value}
                </when>
                <when test="criterion.betweenValue">
                  and ${criterion.condition} #{criterion.value} and #{criterion.secondValue}
                </when>
                <when test="criterion.listValue">
                  and ${criterion.condition}
                  <foreach close=")" collection="criterion.value" item="listItem" open="(" separator=",">
                    #{listItem}
                  </foreach>
                </when>
              </choose>
            </foreach>
          </trim>
        </if>
      </foreach>
    </where>
  </sql>
  <sql id="Base_Column_List">
    managerId, authority, loginId, password
  </sql>
  <select id="selectByExample" parameterType="cn.jmu.bean.AirportManagerExample" resultMap="BaseResultMap">
    select
    <if test="distinct">
      distinct
    </if>
    <include refid="Base_Column_List" />
    from airportManager
    <if test="_parameter != null">
      <include refid="Example_Where_Clause" />
    </if>
    <if test="orderByClause != null">
      order by ${orderByClause}
    </if>
  </select>
  <delete id="deleteByExample" parameterType="cn.jmu.bean.AirportManagerExample">
    delete from airportManager
    <if test="_parameter != null">
      <include refid="Example_Where_Clause" />
    </if>
  </delete>
  <insert id="insert" parameterType="cn.jmu.bean.AirportManager">
    insert into airportManager (managerId, authority, loginId, 
      password)
    values (#{managerid,jdbcType=INTEGER}, #{authority,jdbcType=VARCHAR}, #{loginid,jdbcType=VARCHAR}, 
      #{password,jdbcType=VARCHAR})
  </insert>
  <insert id="insertSelective" parameterType="cn.jmu.bean.AirportManager">
    insert into airportManager
    <trim prefix="(" suffix=")" suffixOverrides=",">
      <if test="managerid != null">
        managerId,
      </if>
      <if test="authority != null">
        authority,
      </if>
      <if test="loginid != null">
        loginId,
      </if>
      <if test="password != null">
        password,
      </if>
    </trim>
    <trim prefix="values (" suffix=")" suffixOverrides=",">
      <if test="managerid != null">
        #{managerid,jdbcType=INTEGER},
      </if>
      <if test="authority != null">
        #{authority,jdbcType=VARCHAR},
      </if>
      <if test="loginid != null">
        #{loginid,jdbcType=VARCHAR},
      </if>
      <if test="password != null">
        #{password,jdbcType=VARCHAR},
      </if>
    </trim>
  </insert>
  <select id="countByExample" parameterType="cn.jmu.bean.AirportManagerExample" resultType="java.lang.Long">
    select count(*) from airportManager
    <if test="_parameter != null">
      <include refid="Example_Where_Clause" />
    </if>
  </select>
  <update id="updateByExampleSelective" parameterType="map">
    update airportManager
    <set>
      <if test="record.managerid != null">
        managerId = #{record.managerid,jdbcType=INTEGER},
      </if>
      <if test="record.authority != null">
        authority = #{record.authority,jdbcType=VARCHAR},
      </if>
      <if test="record.loginid != null">
        loginId = #{record.loginid,jdbcType=VARCHAR},
      </if>
      <if test="record.password != null">
        password = #{record.password,jdbcType=VARCHAR},
      </if>
    </set>
    <if test="_parameter != null">
      <include refid="Update_By_Example_Where_Clause" />
    </if>
  </update>
  <update id="updateByExample" parameterType="map">
    update airportManager
    set managerId = #{record.managerid,jdbcType=INTEGER},
      authority = #{record.authority,jdbcType=VARCHAR},
      loginId = #{record.loginid,jdbcType=VARCHAR},
      password = #{record.password,jdbcType=VARCHAR}
    <if test="_parameter != null">
      <include refid="Update_By_Example_Where_Clause" />
    </if>
  </update>
</mapper>