<?xml version="1.0" encoding="UTF-8"?>
<!DOCTYPE mapper PUBLIC "-//mybatis.org//DTD Mapper 3.0//EN" "http://mybatis.org/dtd/mybatis-3-mapper.dtd">
<mapper namespace="cn.jmu.dao.AirportMapper">
  <resultMap id="BaseResultMap" type="cn.jmu.bean.Airport">
    <id column="airportId" jdbcType="INTEGER" property="airportid" />
    <result column="cityId" jdbcType="INTEGER" property="cityid" />
    <result column="airportName" jdbcType="VARCHAR" property="airportname" />
    <result column="address" jdbcType="VARCHAR" property="address" />
  </resultMap>
  <sql id="Example_Where_Clause">
    <where>
      <foreach collection="oredCriteria" item="criteria" separator="or">
        <if test="criteria.valid">
          <trim prefix="(" prefixOverrides="and" suffix=")">
            <foreach collection="criteria.criteria" item="criterion">
              <choose>
                <when test="criterion.noValue">
                  and ${criterion.condition}
                </when>
                <when test="criterion.singleValue">
                  and ${criterion.condition} #{criterion.value}
                </when>
                <when test="criterion.betweenValue">
                  and ${criterion.condition} #{criterion.value} and #{criterion.secondValue}
                </when>
                <when test="criterion.listValue">
                  and ${criterion.condition}
                  <foreach close=")" collection="criterion.value" item="listItem" open="(" separator=",">
                    #{listItem}
                  </foreach>
                </when>
              </choose>
            </foreach>
          </trim>
        </if>
      </foreach>
    </where>
  </sql>
  <sql id="Update_By_Example_Where_Clause">
    <where>
      <foreach collection="example.oredCriteria" item="criteria" separator="or">
        <if test="criteria.valid">
          <trim prefix="(" prefixOverrides="and" suffix=")">
            <foreach collection="criteria.criteria" item="criterion">
              <choose>
                <when test="criterion.noValue">
                  and ${criterion.condition}
                </when>
                <when test="criterion.singleValue">
                  and ${criterion.condition} #{criterion.value}
                </when>
                <when test="criterion.betweenValue">
                  and ${criterion.condition} #{criterion.value} and #{criterion.secondValue}
                </when>
                <when test="criterion.listValue">
                  and ${criterion.condition}
                  <foreach close=")" collection="criterion.value" item="listItem" open="(" separator=",">
                    #{listItem}
                  </foreach>
                </when>
              </choose>
            </foreach>
          </trim>
        </if>
      </foreach>
    </where>
  </sql>
  <sql id="Base_Column_List">
    airportId, cityId, airportName, address
  </sql>
  <select id="selectByExample" parameterType="cn.jmu.bean.AirportExample" resultMap="BaseResultMap">
    select
    <if test="distinct">
      distinct
    </if>
    <include refid="Base_Column_List" />
    from airport
    <if test="_parameter != null">
      <include refid="Example_Where_Clause" />
    </if>
    <if test="orderByClause != null">
      order by ${orderByClause}
    </if>
  </select>
  <select id="selectByPrimaryKey" parameterType="java.lang.Integer" resultMap="BaseResultMap">
    select 
    <include refid="Base_Column_List" />
    from airport
    where airportId = #{airportid,jdbcType=INTEGER}
  </select>
  <delete id="deleteByPrimaryKey" parameterType="java.lang.Integer">
    delete from airport
    where airportId = #{airportid,jdbcType=INTEGER}
  </delete>
  <delete id="deleteByExample" parameterType="cn.jmu.bean.AirportExample">
    delete from airport
    <if test="_parameter != null">
      <include refid="Example_Where_Clause" />
    </if>
  </delete>
  <insert id="insert" parameterType="cn.jmu.bean.Airport">
    insert into airport (airportId, cityId, airportName, 
      address)
    values (#{airportid,jdbcType=INTEGER}, #{cityid,jdbcType=INTEGER}, #{airportname,jdbcType=VARCHAR}, 
      #{address,jdbcType=VARCHAR})
  </insert>
  <insert id="insertSelective" parameterType="cn.jmu.bean.Airport">
    insert into airport
    <trim prefix="(" suffix=")" suffixOverrides=",">
      <if test="airportid != null">
        airportId,
      </if>
      <if test="cityid != null">
        cityId,
      </if>
      <if test="airportname != null">
        airportName,
      </if>
      <if test="address != null">
        address,
      </if>
    </trim>
    <trim prefix="values (" suffix=")" suffixOverrides=",">
      <if test="airportid != null">
        #{airportid,jdbcType=INTEGER},
      </if>
      <if test="cityid != null">
        #{cityid,jdbcType=INTEGER},
      </if>
      <if test="airportname != null">
        #{airportname,jdbcType=VARCHAR},
      </if>
      <if test="address != null">
        #{address,jdbcType=VARCHAR},
      </if>
    </trim>
  </insert>
  <select id="countByExample" parameterType="cn.jmu.bean.AirportExample" resultType="java.lang.Long">
    select count(*) from airport
    <if test="_parameter != null">
      <include refid="Example_Where_Clause" />
    </if>
  </select>
  <update id="updateByExampleSelective" parameterType="map">
    update airport
    <set>
      <if test="record.airportid != null">
        airportId = #{record.airportid,jdbcType=INTEGER},
      </if>
      <if test="record.cityid != null">
        cityId = #{record.cityid,jdbcType=INTEGER},
      </if>
      <if test="record.airportname != null">
        airportName = #{record.airportname,jdbcType=VARCHAR},
      </if>
      <if test="record.address != null">
        address = #{record.address,jdbcType=VARCHAR},
      </if>
    </set>
    <if test="_parameter != null">
      <include refid="Update_By_Example_Where_Clause" />
    </if>
  </update>
  <update id="updateByExample" parameterType="map">
    update airport
    set airportId = #{record.airportid,jdbcType=INTEGER},
      cityId = #{record.cityid,jdbcType=INTEGER},
      airportName = #{record.airportname,jdbcType=VARCHAR},
      address = #{record.address,jdbcType=VARCHAR}
    <if test="_parameter != null">
      <include refid="Update_By_Example_Where_Clause" />
    </if>
  </update>
  <update id="updateByPrimaryKeySelective" parameterType="cn.jmu.bean.Airport">
    update airport
    <set>
      <if test="cityid != null">
        cityId = #{cityid,jdbcType=INTEGER},
      </if>
      <if test="airportname != null">
        airportName = #{airportname,jdbcType=VARCHAR},
      </if>
      <if test="address != null">
        address = #{address,jdbcType=VARCHAR},
      </if>
    </set>
    where airportId = #{airportid,jdbcType=INTEGER}
  </update>
  <update id="updateByPrimaryKey" parameterType="cn.jmu.bean.Airport">
    update airport
    set cityId = #{cityid,jdbcType=INTEGER},
      airportName = #{airportname,jdbcType=VARCHAR},
      address = #{address,jdbcType=VARCHAR}
    where airportId = #{airportid,jdbcType=INTEGER}
  </update>
</mapper>