<?xml version="1.0" encoding="UTF-8"?>
<!DOCTYPE mapper PUBLIC "-//mybatis.org//DTD Mapper 3.0//EN" "http://mybatis.org/dtd/mybatis-3-mapper.dtd">
<mapper namespace="cn.jmu.dao.BindingMapper">
  <resultMap id="BaseResultMap" type="cn.jmu.bean.BindingKey">
    <id column="userId" jdbcType="INTEGER" property="userid" />
    <id column="passengerId" jdbcType="CHAR" property="passengerid" />
  </resultMap>
  <sql id="Example_Where_Clause">
    <where>
      <foreach collection="oredCriteria" item="criteria" separator="or">
        <if test="criteria.valid">
          <trim prefix="(" prefixOverrides="and" suffix=")">
            <foreach collection="criteria.criteria" item="criterion">
              <choose>
                <when test="criterion.noValue">
                  and ${criterion.condition}
                </when>
                <when test="criterion.singleValue">
                  and ${criterion.condition} #{criterion.value}
                </when>
                <when test="criterion.betweenValue">
                  and ${criterion.condition} #{criterion.value} and #{criterion.secondValue}
                </when>
                <when test="criterion.listValue">
                  and ${criterion.condition}
                  <foreach close=")" collection="criterion.value" item="listItem" open="(" separator=",">
                    #{listItem}
                  </foreach>
                </when>
              </choose>
            </foreach>
          </trim>
        </if>
      </foreach>
    </where>
  </sql>
  <sql id="Update_By_Example_Where_Clause">
    <where>
      <foreach collection="example.oredCriteria" item="criteria" separator="or">
        <if test="criteria.valid">
          <trim prefix="(" prefixOverrides="and" suffix=")">
            <foreach collection="criteria.criteria" item="criterion">
              <choose>
                <when test="criterion.noValue">
                  and ${criterion.condition}
                </when>
                <when test="criterion.singleValue">
                  and ${criterion.condition} #{criterion.value}
                </when>
                <when test="criterion.betweenValue">
                  and ${criterion.condition} #{criterion.value} and #{criterion.secondValue}
                </when>
                <when test="criterion.listValue">
                  and ${criterion.condition}
                  <foreach close=")" collection="criterion.value" item="listItem" open="(" separator=",">
                    #{listItem}
                  </foreach>
                </when>
              </choose>
            </foreach>
          </trim>
        </if>
      </foreach>
    </where>
  </sql>
  <sql id="Base_Column_List">
    userId, passengerId
  </sql>
  <select id="selectByExample" parameterType="cn.jmu.bean.BindingExample" resultMap="BaseResultMap">
    select
    <if test="distinct">
      distinct
    </if>
    <include refid="Base_Column_List" />
    from binding
    <if test="_parameter != null">
      <include refid="Example_Where_Clause" />
    </if>
    <if test="orderByClause != null">
      order by ${orderByClause}
    </if>
  </select>
  <delete id="deleteByPrimaryKey" parameterType="cn.jmu.bean.BindingKey">
    delete from binding
    where userId = #{userid,jdbcType=INTEGER}
      and passengerId = #{passengerid,jdbcType=CHAR}
  </delete>
  <delete id="deleteByExample" parameterType="cn.jmu.bean.BindingExample">
    delete from binding
    <if test="_parameter != null">
      <include refid="Example_Where_Clause" />
    </if>
  </delete>
  <insert id="insert" parameterType="cn.jmu.bean.BindingKey">
    insert into binding (userId, passengerId)
    values (#{userid,jdbcType=INTEGER}, #{passengerid,jdbcType=CHAR})
  </insert>
  <insert id="insertSelective" parameterType="cn.jmu.bean.BindingKey">
    insert into binding
    <trim prefix="(" suffix=")" suffixOverrides=",">
      <if test="userid != null">
        userId,
      </if>
      <if test="passengerid != null">
        passengerId,
      </if>
    </trim>
    <trim prefix="values (" suffix=")" suffixOverrides=",">
      <if test="userid != null">
        #{userid,jdbcType=INTEGER},
      </if>
      <if test="passengerid != null">
        #{passengerid,jdbcType=CHAR},
      </if>
    </trim>
  </insert>
  <select id="countByExample" parameterType="cn.jmu.bean.BindingExample" resultType="java.lang.Long">
    select count(*) from binding
    <if test="_parameter != null">
      <include refid="Example_Where_Clause" />
    </if>
  </select>
  <update id="updateByExampleSelective" parameterType="map">
    update binding
    <set>
      <if test="record.userid != null">
        userId = #{record.userid,jdbcType=INTEGER},
      </if>
      <if test="record.passengerid != null">
        passengerId = #{record.passengerid,jdbcType=CHAR},
      </if>
    </set>
    <if test="_parameter != null">
      <include refid="Update_By_Example_Where_Clause" />
    </if>
  </update>
  <update id="updateByExample" parameterType="map">
    update binding
    set userId = #{record.userid,jdbcType=INTEGER},
      passengerId = #{record.passengerid,jdbcType=CHAR}
    <if test="_parameter != null">
      <include refid="Update_By_Example_Where_Clause" />
    </if>
  </update>
  <resultMap type="cn.jmu.bean.BindingKey2" id="BindingAndTick">
    <result column="userid" property="userid"/>
    <result column="passengerid" property="passengerid"/>
    <association property="passenger" javaType="cn.jmu.bean.Passenger">
      <id column="passengerid" property="passengerid"/>
      <result column="passengername" property="passengername"/>
      <result column="passengersex" property="passengersex"/>
      <result column="passengertel" property="passengertel"/>
      <result column="creditstatus" property="creditstatus"/>
    </association>
  </resultMap>
  <select id="selectByUserId" parameterType="int" resultMap="BindingAndTick">
    select binding.*,passenger.* from binding,passenger,users where
    binding.passengerId=passenger.passengerId and users.userId=binding.userId
    and users.userId=#{userid}
  </select>
</mapper>