<?xml version="1.0" encoding="UTF-8"?>
<!DOCTYPE mapper PUBLIC "-//mybatis.org//DTD Mapper 3.0//EN" "http://mybatis.org/dtd/mybatis-3-mapper.dtd">
<mapper namespace="cn.jmu.dao.CabinMapper">
  <resultMap id="BaseResultMap" type="cn.jmu.bean.Cabin">
    <id column="cabinId" jdbcType="INTEGER" property="cabinid" />
    <result column="cabinLevel" jdbcType="CHAR" property="cabinlevel" />
  </resultMap>
  <sql id="Example_Where_Clause">
    <where>
      <foreach collection="oredCriteria" item="criteria" separator="or">
        <if test="criteria.valid">
          <trim prefix="(" prefixOverrides="and" suffix=")">
            <foreach collection="criteria.criteria" item="criterion">
              <choose>
                <when test="criterion.noValue">
                  and ${criterion.condition}
                </when>
                <when test="criterion.singleValue">
                  and ${criterion.condition} #{criterion.value}
                </when>
                <when test="criterion.betweenValue">
                  and ${criterion.condition} #{criterion.value} and #{criterion.secondValue}
                </when>
                <when test="criterion.listValue">
                  and ${criterion.condition}
                  <foreach close=")" collection="criterion.value" item="listItem" open="(" separator=",">
                    #{listItem}
                  </foreach>
                </when>
              </choose>
            </foreach>
          </trim>
        </if>
      </foreach>
    </where>
  </sql>
  <sql id="Update_By_Example_Where_Clause">
    <where>
      <foreach collection="example.oredCriteria" item="criteria" separator="or">
        <if test="criteria.valid">
          <trim prefix="(" prefixOverrides="and" suffix=")">
            <foreach collection="criteria.criteria" item="criterion">
              <choose>
                <when test="criterion.noValue">
                  and ${criterion.condition}
                </when>
                <when test="criterion.singleValue">
                  and ${criterion.condition} #{criterion.value}
                </when>
                <when test="criterion.betweenValue">
                  and ${criterion.condition} #{criterion.value} and #{criterion.secondValue}
                </when>
                <when test="criterion.listValue">
                  and ${criterion.condition}
                  <foreach close=")" collection="criterion.value" item="listItem" open="(" separator=",">
                    #{listItem}
                  </foreach>
                </when>
              </choose>
            </foreach>
          </trim>
        </if>
      </foreach>
    </where>
  </sql>
  <sql id="Base_Column_List">
    cabinId, cabinLevel
  </sql>
  <select id="selectByExample" parameterType="cn.jmu.bean.CabinExample" resultMap="BaseResultMap">
    select
    <if test="distinct">
      distinct
    </if>
    <include refid="Base_Column_List" />
    from cabin
    <if test="_parameter != null">
      <include refid="Example_Where_Clause" />
    </if>
    <if test="orderByClause != null">
      order by ${orderByClause}
    </if>
  </select>
  <select id="selectByPrimaryKey" parameterType="java.lang.Integer" resultMap="BaseResultMap">
    select 
    <include refid="Base_Column_List" />
    from cabin
    where cabinId = #{cabinid,jdbcType=INTEGER}
  </select>
  <delete id="deleteByPrimaryKey" parameterType="java.lang.Integer">
    delete from cabin
    where cabinId = #{cabinid,jdbcType=INTEGER}
  </delete>
  <delete id="deleteByExample" parameterType="cn.jmu.bean.CabinExample">
    delete from cabin
    <if test="_parameter != null">
      <include refid="Example_Where_Clause" />
    </if>
  </delete>
  <insert id="insert" parameterType="cn.jmu.bean.Cabin">
    insert into cabin (cabinId, cabinLevel)
    values (#{cabinid,jdbcType=INTEGER}, #{cabinlevel,jdbcType=CHAR})
  </insert>
  <insert id="insertSelective" parameterType="cn.jmu.bean.Cabin">
    insert into cabin
    <trim prefix="(" suffix=")" suffixOverrides=",">
      <if test="cabinid != null">
        cabinId,
      </if>
      <if test="cabinlevel != null">
        cabinLevel,
      </if>
    </trim>
    <trim prefix="values (" suffix=")" suffixOverrides=",">
      <if test="cabinid != null">
        #{cabinid,jdbcType=INTEGER},
      </if>
      <if test="cabinlevel != null">
        #{cabinlevel,jdbcType=CHAR},
      </if>
    </trim>
  </insert>
  <select id="countByExample" parameterType="cn.jmu.bean.CabinExample" resultType="java.lang.Long">
    select count(*) from cabin
    <if test="_parameter != null">
      <include refid="Example_Where_Clause" />
    </if>
  </select>
  <update id="updateByExampleSelective" parameterType="map">
    update cabin
    <set>
      <if test="record.cabinid != null">
        cabinId = #{record.cabinid,jdbcType=INTEGER},
      </if>
      <if test="record.cabinlevel != null">
        cabinLevel = #{record.cabinlevel,jdbcType=CHAR},
      </if>
    </set>
    <if test="_parameter != null">
      <include refid="Update_By_Example_Where_Clause" />
    </if>
  </update>
  <update id="updateByExample" parameterType="map">
    update cabin
    set cabinId = #{record.cabinid,jdbcType=INTEGER},
      cabinLevel = #{record.cabinlevel,jdbcType=CHAR}
    <if test="_parameter != null">
      <include refid="Update_By_Example_Where_Clause" />
    </if>
  </update>
  <update id="updateByPrimaryKeySelective" parameterType="cn.jmu.bean.Cabin">
    update cabin
    <set>
      <if test="cabinlevel != null">
        cabinLevel = #{cabinlevel,jdbcType=CHAR},
      </if>
    </set>
    where cabinId = #{cabinid,jdbcType=INTEGER}
  </update>
  <update id="updateByPrimaryKey" parameterType="cn.jmu.bean.Cabin">
    update cabin
    set cabinLevel = #{cabinlevel,jdbcType=CHAR}
    where cabinId = #{cabinid,jdbcType=INTEGER}
  </update>
</mapper>