<?xml version="1.0" encoding="UTF-8"?>
<!DOCTYPE mapper PUBLIC "-//mybatis.org//DTD Mapper 3.0//EN" "http://mybatis.org/dtd/mybatis-3-mapper.dtd">
<mapper namespace="cn.jmu.dao.CityMapper">
  <resultMap id="BaseResultMap" type="cn.jmu.bean.City">
    <id column="cityId" jdbcType="INTEGER" property="cityid" />
    <result column="provinceId" jdbcType="INTEGER" property="provinceid" />
    <result column="cityName" jdbcType="VARCHAR" property="cityname" />
  </resultMap>
  <sql id="Example_Where_Clause">
    <where>
      <foreach collection="oredCriteria" item="criteria" separator="or">
        <if test="criteria.valid">
          <trim prefix="(" prefixOverrides="and" suffix=")">
            <foreach collection="criteria.criteria" item="criterion">
              <choose>
                <when test="criterion.noValue">
                  and ${criterion.condition}
                </when>
                <when test="criterion.singleValue">
                  and ${criterion.condition} #{criterion.value}
                </when>
                <when test="criterion.betweenValue">
                  and ${criterion.condition} #{criterion.value} and #{criterion.secondValue}
                </when>
                <when test="criterion.listValue">
                  and ${criterion.condition}
                  <foreach close=")" collection="criterion.value" item="listItem" open="(" separator=",">
                    #{listItem}
                  </foreach>
                </when>
              </choose>
            </foreach>
          </trim>
        </if>
      </foreach>
    </where>
  </sql>
  <sql id="Update_By_Example_Where_Clause">
    <where>
      <foreach collection="example.oredCriteria" item="criteria" separator="or">
        <if test="criteria.valid">
          <trim prefix="(" prefixOverrides="and" suffix=")">
            <foreach collection="criteria.criteria" item="criterion">
              <choose>
                <when test="criterion.noValue">
                  and ${criterion.condition}
                </when>
                <when test="criterion.singleValue">
                  and ${criterion.condition} #{criterion.value}
                </when>
                <when test="criterion.betweenValue">
                  and ${criterion.condition} #{criterion.value} and #{criterion.secondValue}
                </when>
                <when test="criterion.listValue">
                  and ${criterion.condition}
                  <foreach close=")" collection="criterion.value" item="listItem" open="(" separator=",">
                    #{listItem}
                  </foreach>
                </when>
              </choose>
            </foreach>
          </trim>
        </if>
      </foreach>
    </where>
  </sql>
  <sql id="Base_Column_List">
    cityId, provinceId, cityName
  </sql>
  <select id="selectByExample" parameterType="cn.jmu.bean.CityExample" resultMap="BaseResultMap">
    select
    <if test="distinct">
      distinct
    </if>
    <include refid="Base_Column_List" />
    from city
    <if test="_parameter != null">
      <include refid="Example_Where_Clause" />
    </if>
    <if test="orderByClause != null">
      order by ${orderByClause}
    </if>
  </select>
  <select id="selectByPrimaryKey" parameterType="java.lang.Integer" resultMap="BaseResultMap">
    select 
    <include refid="Base_Column_List" />
    from city
    where cityId = #{cityid,jdbcType=INTEGER}
  </select>
  <delete id="deleteByPrimaryKey" parameterType="java.lang.Integer">
    delete from city
    where cityId = #{cityid,jdbcType=INTEGER}
  </delete>
  <delete id="deleteByExample" parameterType="cn.jmu.bean.CityExample">
    delete from city
    <if test="_parameter != null">
      <include refid="Example_Where_Clause" />
    </if>
  </delete>
  <insert id="insert" parameterType="cn.jmu.bean.City">
    insert into city (cityId, provinceId, cityName
      )
    values (#{cityid,jdbcType=INTEGER}, #{provinceid,jdbcType=INTEGER}, #{cityname,jdbcType=VARCHAR}
      )
  </insert>
  <insert id="insertSelective" parameterType="cn.jmu.bean.City">
    insert into city
    <trim prefix="(" suffix=")" suffixOverrides=",">
      <if test="cityid != null">
        cityId,
      </if>
      <if test="provinceid != null">
        provinceId,
      </if>
      <if test="cityname != null">
        cityName,
      </if>
    </trim>
    <trim prefix="values (" suffix=")" suffixOverrides=",">
      <if test="cityid != null">
        #{cityid,jdbcType=INTEGER},
      </if>
      <if test="provinceid != null">
        #{provinceid,jdbcType=INTEGER},
      </if>
      <if test="cityname != null">
        #{cityname,jdbcType=VARCHAR},
      </if>
    </trim>
  </insert>
  <select id="countByExample" parameterType="cn.jmu.bean.CityExample" resultType="java.lang.Long">
    select count(*) from city
    <if test="_parameter != null">
      <include refid="Example_Where_Clause" />
    </if>
  </select>
  <update id="updateByExampleSelective" parameterType="map">
    update city
    <set>
      <if test="record.cityid != null">
        cityId = #{record.cityid,jdbcType=INTEGER},
      </if>
      <if test="record.provinceid != null">
        provinceId = #{record.provinceid,jdbcType=INTEGER},
      </if>
      <if test="record.cityname != null">
        cityName = #{record.cityname,jdbcType=VARCHAR},
      </if>
    </set>
    <if test="_parameter != null">
      <include refid="Update_By_Example_Where_Clause" />
    </if>
  </update>
  <update id="updateByExample" parameterType="map">
    update city
    set cityId = #{record.cityid,jdbcType=INTEGER},
      provinceId = #{record.provinceid,jdbcType=INTEGER},
      cityName = #{record.cityname,jdbcType=VARCHAR}
    <if test="_parameter != null">
      <include refid="Update_By_Example_Where_Clause" />
    </if>
  </update>
  <update id="updateByPrimaryKeySelective" parameterType="cn.jmu.bean.City">
    update city
    <set>
      <if test="provinceid != null">
        provinceId = #{provinceid,jdbcType=INTEGER},
      </if>
      <if test="cityname != null">
        cityName = #{cityname,jdbcType=VARCHAR},
      </if>
    </set>
    where cityId = #{cityid,jdbcType=INTEGER}
  </update>
  <update id="updateByPrimaryKey" parameterType="cn.jmu.bean.City">
    update city
    set provinceId = #{provinceid,jdbcType=INTEGER},
      cityName = #{cityname,jdbcType=VARCHAR}
    where cityId = #{cityid,jdbcType=INTEGER}
  </update>
</mapper>