<?xml version="1.0" encoding="UTF-8"?>
<!DOCTYPE mapper PUBLIC "-//mybatis.org//DTD Mapper 3.0//EN" "http://mybatis.org/dtd/mybatis-3-mapper.dtd">
<mapper namespace="cn.jmu.dao.ExecutiveFlightMapper">
  <resultMap id="BaseResultMap" type="cn.jmu.bean.ExecutiveFlight">
    <id column="executiveFlightId" jdbcType="CHAR" property="executiveflightid" />
    <result column="flightId" jdbcType="CHAR" property="flightid" />
    <result column="executiveDate" jdbcType="TIMESTAMP" property="executivedate" />
    <result column="executivePrice" jdbcType="NUMERIC" property="executiveprice" />
    <result column="flightStatus" jdbcType="VARCHAR" property="flightstatus" />
    <result column="ETD" jdbcType="TIMESTAMP" property="etd" />
    <result column="ATD" jdbcType="TIMESTAMP" property="atd" />
    <result column="ETA" jdbcType="TIMESTAMP" property="eta" />
    <result column="ATA" jdbcType="TIMESTAMP" property="ata" />
    <result column="boardingGate" jdbcType="VARCHAR" property="boardinggate" />
    <result column="boardingTime" jdbcType="TIMESTAMP" property="boardingtime" />
  </resultMap>
  <sql id="Example_Where_Clause">
    <where>
      <foreach collection="oredCriteria" item="criteria" separator="or">
        <if test="criteria.valid">
          <trim prefix="(" prefixOverrides="and" suffix=")">
            <foreach collection="criteria.criteria" item="criterion">
              <choose>
                <when test="criterion.noValue">
                  and ${criterion.condition}
                </when>
                <when test="criterion.singleValue">
                  and ${criterion.condition} #{criterion.value}
                </when>
                <when test="criterion.betweenValue">
                  and ${criterion.condition} #{criterion.value} and #{criterion.secondValue}
                </when>
                <when test="criterion.listValue">
                  and ${criterion.condition}
                  <foreach close=")" collection="criterion.value" item="listItem" open="(" separator=",">
                    #{listItem}
                  </foreach>
                </when>
              </choose>
            </foreach>
          </trim>
        </if>
      </foreach>
    </where>
  </sql>
  <sql id="Update_By_Example_Where_Clause">
    <where>
      <foreach collection="example.oredCriteria" item="criteria" separator="or">
        <if test="criteria.valid">
          <trim prefix="(" prefixOverrides="and" suffix=")">
            <foreach collection="criteria.criteria" item="criterion">
              <choose>
                <when test="criterion.noValue">
                  and ${criterion.condition}
                </when>
                <when test="criterion.singleValue">
                  and ${criterion.condition} #{criterion.value}
                </when>
                <when test="criterion.betweenValue">
                  and ${criterion.condition} #{criterion.value} and #{criterion.secondValue}
                </when>
                <when test="criterion.listValue">
                  and ${criterion.condition}
                  <foreach close=")" collection="criterion.value" item="listItem" open="(" separator=",">
                    #{listItem}
                  </foreach>
                </when>
              </choose>
            </foreach>
          </trim>
        </if>
      </foreach>
    </where>
  </sql>
  <sql id="Base_Column_List">
    executiveFlightId, flightId, executiveDate, executivePrice, flightStatus, ETD, ATD, 
    ETA, ATA, boardingGate, boardingTime
  </sql>
  <select id="selectByExample" parameterType="cn.jmu.bean.ExecutiveFlightExample" resultMap="BaseResultMap">
    select
    <if test="distinct">
      distinct
    </if>
    <include refid="Base_Column_List" />
    from executiveFlight
    <if test="_parameter != null">
      <include refid="Example_Where_Clause" />
    </if>
    <if test="orderByClause != null">
      order by ${orderByClause}
    </if>
  </select>
  <select id="selectByPrimaryKey" parameterType="java.lang.String" resultMap="BaseResultMap">
    select 
    <include refid="Base_Column_List" />
    from executiveFlight
    where executiveFlightId = #{executiveflightid,jdbcType=CHAR}
  </select>
  <delete id="deleteByPrimaryKey" parameterType="java.lang.String">
    delete from executiveFlight
    where executiveFlightId = #{executiveflightid,jdbcType=CHAR}
  </delete>
  <delete id="deleteByExample" parameterType="cn.jmu.bean.ExecutiveFlightExample">
    delete from executiveFlight
    <if test="_parameter != null">
      <include refid="Example_Where_Clause" />
    </if>
  </delete>
  <insert id="insert" parameterType="cn.jmu.bean.ExecutiveFlight">
    insert into executiveFlight (executiveFlightId, flightId, executiveDate, 
      executivePrice, flightStatus, ETD, 
      ATD, ETA, ATA, 
      boardingGate, boardingTime)
    values (#{executiveflightid,jdbcType=CHAR}, #{flightid,jdbcType=CHAR}, #{executivedate,jdbcType=TIMESTAMP}, 
      #{executiveprice,jdbcType=NUMERIC}, #{flightstatus,jdbcType=VARCHAR}, #{etd,jdbcType=TIMESTAMP}, 
      #{atd,jdbcType=TIMESTAMP}, #{eta,jdbcType=TIMESTAMP}, #{ata,jdbcType=TIMESTAMP}, 
      #{boardinggate,jdbcType=VARCHAR}, #{boardingtime,jdbcType=TIMESTAMP})
  </insert>
  <insert id="insertSelective" parameterType="cn.jmu.bean.ExecutiveFlight">
    insert into executiveFlight
    <trim prefix="(" suffix=")" suffixOverrides=",">
      <if test="executiveflightid != null">
        executiveFlightId,
      </if>
      <if test="flightid != null">
        flightId,
      </if>
      <if test="executivedate != null">
        executiveDate,
      </if>
      <if test="executiveprice != null">
        executivePrice,
      </if>
      <if test="flightstatus != null">
        flightStatus,
      </if>
      <if test="etd != null">
        ETD,
      </if>
      <if test="atd != null">
        ATD,
      </if>
      <if test="eta != null">
        ETA,
      </if>
      <if test="ata != null">
        ATA,
      </if>
      <if test="boardinggate != null">
        boardingGate,
      </if>
      <if test="boardingtime != null">
        boardingTime,
      </if>
    </trim>
    <trim prefix="values (" suffix=")" suffixOverrides=",">
      <if test="executiveflightid != null">
        #{executiveflightid,jdbcType=CHAR},
      </if>
      <if test="flightid != null">
        #{flightid,jdbcType=CHAR},
      </if>
      <if test="executivedate != null">
        #{executivedate,jdbcType=TIMESTAMP},
      </if>
      <if test="executiveprice != null">
        #{executiveprice,jdbcType=NUMERIC},
      </if>
      <if test="flightstatus != null">
        #{flightstatus,jdbcType=VARCHAR},
      </if>
      <if test="etd != null">
        #{etd,jdbcType=TIMESTAMP},
      </if>
      <if test="atd != null">
        #{atd,jdbcType=TIMESTAMP},
      </if>
      <if test="eta != null">
        #{eta,jdbcType=TIMESTAMP},
      </if>
      <if test="ata != null">
        #{ata,jdbcType=TIMESTAMP},
      </if>
      <if test="boardinggate != null">
        #{boardinggate,jdbcType=VARCHAR},
      </if>
      <if test="boardingtime != null">
        #{boardingtime,jdbcType=TIMESTAMP},
      </if>
    </trim>
  </insert>
  <select id="countByExample" parameterType="cn.jmu.bean.ExecutiveFlightExample" resultType="java.lang.Long">
    select count(*) from executiveFlight
    <if test="_parameter != null">
      <include refid="Example_Where_Clause" />
    </if>
  </select>
  <update id="updateByExampleSelective" parameterType="map">
    update executiveFlight
    <set>
      <if test="record.executiveflightid != null">
        executiveFlightId = #{record.executiveflightid,jdbcType=CHAR},
      </if>
      <if test="record.flightid != null">
        flightId = #{record.flightid,jdbcType=CHAR},
      </if>
      <if test="record.executivedate != null">
        executiveDate = #{record.executivedate,jdbcType=TIMESTAMP},
      </if>
      <if test="record.executiveprice != null">
        executivePrice = #{record.executiveprice,jdbcType=NUMERIC},
      </if>
      <if test="record.flightstatus != null">
        flightStatus = #{record.flightstatus,jdbcType=VARCHAR},
      </if>
      <if test="record.etd != null">
        ETD = #{record.etd,jdbcType=TIMESTAMP},
      </if>
      <if test="record.atd != null">
        ATD = #{record.atd,jdbcType=TIMESTAMP},
      </if>
      <if test="record.eta != null">
        ETA = #{record.eta,jdbcType=TIMESTAMP},
      </if>
      <if test="record.ata != null">
        ATA = #{record.ata,jdbcType=TIMESTAMP},
      </if>
      <if test="record.boardinggate != null">
        boardingGate = #{record.boardinggate,jdbcType=VARCHAR},
      </if>
      <if test="record.boardingtime != null">
        boardingTime = #{record.boardingtime,jdbcType=TIMESTAMP},
      </if>
    </set>
    <if test="_parameter != null">
      <include refid="Update_By_Example_Where_Clause" />
    </if>
  </update>
  <update id="updateByExample" parameterType="map">
    update executiveFlight
    set executiveFlightId = #{record.executiveflightid,jdbcType=CHAR},
      flightId = #{record.flightid,jdbcType=CHAR},
      executiveDate = #{record.executivedate,jdbcType=TIMESTAMP},
      executivePrice = #{record.executiveprice,jdbcType=NUMERIC},
      flightStatus = #{record.flightstatus,jdbcType=VARCHAR},
      ETD = #{record.etd,jdbcType=TIMESTAMP},
      ATD = #{record.atd,jdbcType=TIMESTAMP},
      ETA = #{record.eta,jdbcType=TIMESTAMP},
      ATA = #{record.ata,jdbcType=TIMESTAMP},
      boardingGate = #{record.boardinggate,jdbcType=VARCHAR},
      boardingTime = #{record.boardingtime,jdbcType=TIMESTAMP}
    <if test="_parameter != null">
      <include refid="Update_By_Example_Where_Clause" />
    </if>
  </update>
  <update id="updateByPrimaryKeySelective" parameterType="cn.jmu.bean.ExecutiveFlight">
    update executiveFlight
    <set>
      <if test="flightid != null">
        flightId = #{flightid,jdbcType=CHAR},
      </if>
      <if test="executivedate != null">
        executiveDate = #{executivedate,jdbcType=TIMESTAMP},
      </if>
      <if test="executiveprice != null">
        executivePrice = #{executiveprice,jdbcType=NUMERIC},
      </if>
      <if test="flightstatus != null">
        flightStatus = #{flightstatus,jdbcType=VARCHAR},
      </if>
      <if test="etd != null">
        ETD = #{etd,jdbcType=TIMESTAMP},
      </if>
      <if test="atd != null">
        ATD = #{atd,jdbcType=TIMESTAMP},
      </if>
      <if test="eta != null">
        ETA = #{eta,jdbcType=TIMESTAMP},
      </if>
      <if test="ata != null">
        ATA = #{ata,jdbcType=TIMESTAMP},
      </if>
      <if test="boardinggate != null">
        boardingGate = #{boardinggate,jdbcType=VARCHAR},
      </if>
      <if test="boardingtime != null">
        boardingTime = #{boardingtime,jdbcType=TIMESTAMP},
      </if>
    </set>
    where executiveFlightId = #{executiveflightid,jdbcType=CHAR}
  </update>
  <update id="updateByPrimaryKey" parameterType="cn.jmu.bean.ExecutiveFlight">
    update executiveFlight
    set flightId = #{flightid,jdbcType=CHAR},
      executiveDate = #{executivedate,jdbcType=TIMESTAMP},
      executivePrice = #{executiveprice,jdbcType=NUMERIC},
      flightStatus = #{flightstatus,jdbcType=VARCHAR},
      ETD = #{etd,jdbcType=TIMESTAMP},
      ATD = #{atd,jdbcType=TIMESTAMP},
      ETA = #{eta,jdbcType=TIMESTAMP},
      ATA = #{ata,jdbcType=TIMESTAMP},
      boardingGate = #{boardinggate,jdbcType=VARCHAR},
      boardingTime = #{boardingtime,jdbcType=TIMESTAMP}
    where executiveFlightId = #{executiveflightid,jdbcType=CHAR}
  </update>
</mapper>