<?xml version="1.0" encoding="UTF-8"?>
<!DOCTYPE mapper PUBLIC "-//mybatis.org//DTD Mapper 3.0//EN" "http://mybatis.org/dtd/mybatis-3-mapper.dtd">
<mapper namespace="cn.jmu.dao.FlightMapper">
  <resultMap id="BaseResultMap" type="cn.jmu.bean.Flight">
    <id column="flightId" jdbcType="CHAR" property="flightid" />
    <result column="modelId" jdbcType="CHAR" property="modelid" />
    <result column="terminalId" jdbcType="INTEGER" property="terminalid" />
    <result column="ter_terminalId" jdbcType="INTEGER" property="terTerminalid" />
    <result column="plannedDepartureTtime" jdbcType="TIMESTAMP" property="planneddeparturettime" />
    <result column="plannedArrivalTime" jdbcType="TIMESTAMP" property="plannedarrivaltime" />
    <result column="pricing" jdbcType="NUMERIC" property="pricing" />
  </resultMap>
  <sql id="Example_Where_Clause">
    <where>
      <foreach collection="oredCriteria" item="criteria" separator="or">
        <if test="criteria.valid">
          <trim prefix="(" prefixOverrides="and" suffix=")">
            <foreach collection="criteria.criteria" item="criterion">
              <choose>
                <when test="criterion.noValue">
                  and ${criterion.condition}
                </when>
                <when test="criterion.singleValue">
                  and ${criterion.condition} #{criterion.value}
                </when>
                <when test="criterion.betweenValue">
                  and ${criterion.condition} #{criterion.value} and #{criterion.secondValue}
                </when>
                <when test="criterion.listValue">
                  and ${criterion.condition}
                  <foreach close=")" collection="criterion.value" item="listItem" open="(" separator=",">
                    #{listItem}
                  </foreach>
                </when>
              </choose>
            </foreach>
          </trim>
        </if>
      </foreach>
    </where>
  </sql>
  <sql id="Update_By_Example_Where_Clause">
    <where>
      <foreach collection="example.oredCriteria" item="criteria" separator="or">
        <if test="criteria.valid">
          <trim prefix="(" prefixOverrides="and" suffix=")">
            <foreach collection="criteria.criteria" item="criterion">
              <choose>
                <when test="criterion.noValue">
                  and ${criterion.condition}
                </when>
                <when test="criterion.singleValue">
                  and ${criterion.condition} #{criterion.value}
                </when>
                <when test="criterion.betweenValue">
                  and ${criterion.condition} #{criterion.value} and #{criterion.secondValue}
                </when>
                <when test="criterion.listValue">
                  and ${criterion.condition}
                  <foreach close=")" collection="criterion.value" item="listItem" open="(" separator=",">
                    #{listItem}
                  </foreach>
                </when>
              </choose>
            </foreach>
          </trim>
        </if>
      </foreach>
    </where>
  </sql>
  <sql id="Base_Column_List">
    flightId, modelId, terminalId, ter_terminalId, plannedDepartureTtime, plannedArrivalTime, 
    pricing
  </sql>
  <select id="selectByExample" parameterType="cn.jmu.bean.FlightExample" resultMap="BaseResultMap">
    select
    <if test="distinct">
      distinct
    </if>
    <include refid="Base_Column_List" />
    from flight
    <if test="_parameter != null">
      <include refid="Example_Where_Clause" />
    </if>
    <if test="orderByClause != null">
      order by ${orderByClause}
    </if>
  </select>
  <select id="selectByPrimaryKey" parameterType="java.lang.String" resultMap="BaseResultMap">
    select 
    <include refid="Base_Column_List" />
    from flight
    where flightId = #{flightid,jdbcType=CHAR}
  </select>
  <delete id="deleteByPrimaryKey" parameterType="java.lang.String">
    delete from flight
    where flightId = #{flightid,jdbcType=CHAR}
  </delete>
  <delete id="deleteByExample" parameterType="cn.jmu.bean.FlightExample">
    delete from flight
    <if test="_parameter != null">
      <include refid="Example_Where_Clause" />
    </if>
  </delete>
  <insert id="insert" parameterType="cn.jmu.bean.Flight">
    insert into flight (flightId, modelId, terminalId, 
      ter_terminalId, plannedDepartureTtime, 
      plannedArrivalTime, pricing)
    values (#{flightid,jdbcType=CHAR}, #{modelid,jdbcType=CHAR}, #{terminalid,jdbcType=INTEGER}, 
      #{terTerminalid,jdbcType=INTEGER}, #{planneddeparturettime,jdbcType=TIMESTAMP}, 
      #{plannedarrivaltime,jdbcType=TIMESTAMP}, #{pricing,jdbcType=NUMERIC})
  </insert>
  <insert id="insertSelective" parameterType="cn.jmu.bean.Flight">
    insert into flight
    <trim prefix="(" suffix=")" suffixOverrides=",">
      <if test="flightid != null">
        flightId,
      </if>
      <if test="modelid != null">
        modelId,
      </if>
      <if test="terminalid != null">
        terminalId,
      </if>
      <if test="terTerminalid != null">
        ter_terminalId,
      </if>
      <if test="planneddeparturettime != null">
        plannedDepartureTtime,
      </if>
      <if test="plannedarrivaltime != null">
        plannedArrivalTime,
      </if>
      <if test="pricing != null">
        pricing,
      </if>
    </trim>
    <trim prefix="values (" suffix=")" suffixOverrides=",">
      <if test="flightid != null">
        #{flightid,jdbcType=CHAR},
      </if>
      <if test="modelid != null">
        #{modelid,jdbcType=CHAR},
      </if>
      <if test="terminalid != null">
        #{terminalid,jdbcType=INTEGER},
      </if>
      <if test="terTerminalid != null">
        #{terTerminalid,jdbcType=INTEGER},
      </if>
      <if test="planneddeparturettime != null">
        #{planneddeparturettime,jdbcType=TIMESTAMP},
      </if>
      <if test="plannedarrivaltime != null">
        #{plannedarrivaltime,jdbcType=TIMESTAMP},
      </if>
      <if test="pricing != null">
        #{pricing,jdbcType=NUMERIC},
      </if>
    </trim>
  </insert>
  <select id="countByExample" parameterType="cn.jmu.bean.FlightExample" resultType="java.lang.Long">
    select count(*) from flight
    <if test="_parameter != null">
      <include refid="Example_Where_Clause" />
    </if>
  </select>
  <update id="updateByExampleSelective" parameterType="map">
    update flight
    <set>
      <if test="record.flightid != null">
        flightId = #{record.flightid,jdbcType=CHAR},
      </if>
      <if test="record.modelid != null">
        modelId = #{record.modelid,jdbcType=CHAR},
      </if>
      <if test="record.terminalid != null">
        terminalId = #{record.terminalid,jdbcType=INTEGER},
      </if>
      <if test="record.terTerminalid != null">
        ter_terminalId = #{record.terTerminalid,jdbcType=INTEGER},
      </if>
      <if test="record.planneddeparturettime != null">
        plannedDepartureTtime = #{record.planneddeparturettime,jdbcType=TIMESTAMP},
      </if>
      <if test="record.plannedarrivaltime != null">
        plannedArrivalTime = #{record.plannedarrivaltime,jdbcType=TIMESTAMP},
      </if>
      <if test="record.pricing != null">
        pricing = #{record.pricing,jdbcType=NUMERIC},
      </if>
    </set>
    <if test="_parameter != null">
      <include refid="Update_By_Example_Where_Clause" />
    </if>
  </update>
  <update id="updateByExample" parameterType="map">
    update flight
    set flightId = #{record.flightid,jdbcType=CHAR},
      modelId = #{record.modelid,jdbcType=CHAR},
      terminalId = #{record.terminalid,jdbcType=INTEGER},
      ter_terminalId = #{record.terTerminalid,jdbcType=INTEGER},
      plannedDepartureTtime = #{record.planneddeparturettime,jdbcType=TIMESTAMP},
      plannedArrivalTime = #{record.plannedarrivaltime,jdbcType=TIMESTAMP},
      pricing = #{record.pricing,jdbcType=NUMERIC}
    <if test="_parameter != null">
      <include refid="Update_By_Example_Where_Clause" />
    </if>
  </update>
  <update id="updateByPrimaryKeySelective" parameterType="cn.jmu.bean.Flight">
    update flight
    <set>
      <if test="modelid != null">
        modelId = #{modelid,jdbcType=CHAR},
      </if>
      <if test="terminalid != null">
        terminalId = #{terminalid,jdbcType=INTEGER},
      </if>
      <if test="terTerminalid != null">
        ter_terminalId = #{terTerminalid,jdbcType=INTEGER},
      </if>
      <if test="planneddeparturettime != null">
        plannedDepartureTtime = #{planneddeparturettime,jdbcType=TIMESTAMP},
      </if>
      <if test="plannedarrivaltime != null">
        plannedArrivalTime = #{plannedarrivaltime,jdbcType=TIMESTAMP},
      </if>
      <if test="pricing != null">
        pricing = #{pricing,jdbcType=NUMERIC},
      </if>
    </set>
    where flightId = #{flightid,jdbcType=CHAR}
  </update>
  <update id="updateByPrimaryKey" parameterType="cn.jmu.bean.Flight">
    update flight
    set modelId = #{modelid,jdbcType=CHAR},
      terminalId = #{terminalid,jdbcType=INTEGER},
      ter_terminalId = #{terTerminalid,jdbcType=INTEGER},
      plannedDepartureTtime = #{planneddeparturettime,jdbcType=TIMESTAMP},
      plannedArrivalTime = #{plannedarrivaltime,jdbcType=TIMESTAMP},
      pricing = #{pricing,jdbcType=NUMERIC}
    where flightId = #{flightid,jdbcType=CHAR}
  </update>
  <select id="findAll" resultType="cn.jmu.bean.Flight2">
    select flight.*,c1.cityName departurecity,c2.cityName arrivalcity from flight,city c1,city c2,airport a1,airport a2,terminal t1,terminal t2 where
    flight.terminalId=t1.terminalId and flight.ter_terminalId=t2.terminalId
     and t1.airportId=a1.airportId and t2.airportId=a2.airportId
     and a1.cityId=c1.cityId and a2.cityId=c2.cityId
     order by flight.plannedDepartureTtime
  </select>
  <select id="findFlightByFlightId" parameterType="String" resultType="cn.jmu.bean.Flight2">
     select flight.*,c1.cityName departurecity,c2.cityName arrivalcity from flight,city c1,city c2,airport a1,airport a2,terminal t1,terminal t2 where
    flight.terminalId=t1.terminalId and flight.ter_terminalId=t2.terminalId
     and t1.airportId=a1.airportId and t2.airportId=a2.airportId
     and a1.cityId=c1.cityId and a2.cityId=c2.cityId and flight.flightId=#{flightId}
  </select>
</mapper>