<?xml version="1.0" encoding="UTF-8"?>
<!DOCTYPE mapper PUBLIC "-//mybatis.org//DTD Mapper 3.0//EN" "http://mybatis.org/dtd/mybatis-3-mapper.dtd">
<mapper namespace="cn.jmu.dao.ModelMapper">
  <resultMap id="BaseResultMap" type="cn.jmu.bean.Model">
    <id column="modelId" jdbcType="CHAR" property="modelid" />
    <result column="modelName" jdbcType="VARCHAR" property="modelname" />
  </resultMap>
  <sql id="Example_Where_Clause">
    <where>
      <foreach collection="oredCriteria" item="criteria" separator="or">
        <if test="criteria.valid">
          <trim prefix="(" prefixOverrides="and" suffix=")">
            <foreach collection="criteria.criteria" item="criterion">
              <choose>
                <when test="criterion.noValue">
                  and ${criterion.condition}
                </when>
                <when test="criterion.singleValue">
                  and ${criterion.condition} #{criterion.value}
                </when>
                <when test="criterion.betweenValue">
                  and ${criterion.condition} #{criterion.value} and #{criterion.secondValue}
                </when>
                <when test="criterion.listValue">
                  and ${criterion.condition}
                  <foreach close=")" collection="criterion.value" item="listItem" open="(" separator=",">
                    #{listItem}
                  </foreach>
                </when>
              </choose>
            </foreach>
          </trim>
        </if>
      </foreach>
    </where>
  </sql>
  <sql id="Update_By_Example_Where_Clause">
    <where>
      <foreach collection="example.oredCriteria" item="criteria" separator="or">
        <if test="criteria.valid">
          <trim prefix="(" prefixOverrides="and" suffix=")">
            <foreach collection="criteria.criteria" item="criterion">
              <choose>
                <when test="criterion.noValue">
                  and ${criterion.condition}
                </when>
                <when test="criterion.singleValue">
                  and ${criterion.condition} #{criterion.value}
                </when>
                <when test="criterion.betweenValue">
                  and ${criterion.condition} #{criterion.value} and #{criterion.secondValue}
                </when>
                <when test="criterion.listValue">
                  and ${criterion.condition}
                  <foreach close=")" collection="criterion.value" item="listItem" open="(" separator=",">
                    #{listItem}
                  </foreach>
                </when>
              </choose>
            </foreach>
          </trim>
        </if>
      </foreach>
    </where>
  </sql>
  <sql id="Base_Column_List">
    modelId, modelName
  </sql>
  <select id="selectByExample" parameterType="cn.jmu.bean.ModelExample" resultMap="BaseResultMap">
    select
    <if test="distinct">
      distinct
    </if>
    <include refid="Base_Column_List" />
    from model
    <if test="_parameter != null">
      <include refid="Example_Where_Clause" />
    </if>
    <if test="orderByClause != null">
      order by ${orderByClause}
    </if>
  </select>
  <select id="selectByPrimaryKey" parameterType="java.lang.String" resultMap="BaseResultMap">
    select 
    <include refid="Base_Column_List" />
    from model
    where modelId = #{modelid,jdbcType=CHAR}
  </select>
  <delete id="deleteByPrimaryKey" parameterType="java.lang.String">
    delete from model
    where modelId = #{modelid,jdbcType=CHAR}
  </delete>
  <delete id="deleteByExample" parameterType="cn.jmu.bean.ModelExample">
    delete from model
    <if test="_parameter != null">
      <include refid="Example_Where_Clause" />
    </if>
  </delete>
  <insert id="insert" parameterType="cn.jmu.bean.Model">
    insert into model (modelId, modelName)
    values (#{modelid,jdbcType=CHAR}, #{modelname,jdbcType=VARCHAR})
  </insert>
  <insert id="insertSelective" parameterType="cn.jmu.bean.Model">
    insert into model
    <trim prefix="(" suffix=")" suffixOverrides=",">
      <if test="modelid != null">
        modelId,
      </if>
      <if test="modelname != null">
        modelName,
      </if>
    </trim>
    <trim prefix="values (" suffix=")" suffixOverrides=",">
      <if test="modelid != null">
        #{modelid,jdbcType=CHAR},
      </if>
      <if test="modelname != null">
        #{modelname,jdbcType=VARCHAR},
      </if>
    </trim>
  </insert>
  <select id="countByExample" parameterType="cn.jmu.bean.ModelExample" resultType="java.lang.Long">
    select count(*) from model
    <if test="_parameter != null">
      <include refid="Example_Where_Clause" />
    </if>
  </select>
  <update id="updateByExampleSelective" parameterType="map">
    update model
    <set>
      <if test="record.modelid != null">
        modelId = #{record.modelid,jdbcType=CHAR},
      </if>
      <if test="record.modelname != null">
        modelName = #{record.modelname,jdbcType=VARCHAR},
      </if>
    </set>
    <if test="_parameter != null">
      <include refid="Update_By_Example_Where_Clause" />
    </if>
  </update>
  <update id="updateByExample" parameterType="map">
    update model
    set modelId = #{record.modelid,jdbcType=CHAR},
      modelName = #{record.modelname,jdbcType=VARCHAR}
    <if test="_parameter != null">
      <include refid="Update_By_Example_Where_Clause" />
    </if>
  </update>
  <update id="updateByPrimaryKeySelective" parameterType="cn.jmu.bean.Model">
    update model
    <set>
      <if test="modelname != null">
        modelName = #{modelname,jdbcType=VARCHAR},
      </if>
    </set>
    where modelId = #{modelid,jdbcType=CHAR}
  </update>
  <update id="updateByPrimaryKey" parameterType="cn.jmu.bean.Model">
    update model
    set modelName = #{modelname,jdbcType=VARCHAR}
    where modelId = #{modelid,jdbcType=CHAR}
  </update>
</mapper>