<?xml version="1.0" encoding="UTF-8"?>
<!DOCTYPE mapper PUBLIC "-//mybatis.org//DTD Mapper 3.0//EN" "http://mybatis.org/dtd/mybatis-3-mapper.dtd">
<mapper namespace="cn.jmu.dao.PassengerMapper">
  <resultMap id="BaseResultMap" type="cn.jmu.bean.Passenger">
    <id column="passengerId" jdbcType="CHAR" property="passengerid" />
    <result column="passengerName" jdbcType="VARCHAR" property="passengername" />
    <result column="passengerSex" jdbcType="CHAR" property="passengersex" />
    <result column="passengerTel" jdbcType="CHAR" property="passengertel" />
    <result column="creditStatus" jdbcType="VARCHAR" property="creditstatus" />
  </resultMap>
  <sql id="Example_Where_Clause">
    <where>
      <foreach collection="oredCriteria" item="criteria" separator="or">
        <if test="criteria.valid">
          <trim prefix="(" prefixOverrides="and" suffix=")">
            <foreach collection="criteria.criteria" item="criterion">
              <choose>
                <when test="criterion.noValue">
                  and ${criterion.condition}
                </when>
                <when test="criterion.singleValue">
                  and ${criterion.condition} #{criterion.value}
                </when>
                <when test="criterion.betweenValue">
                  and ${criterion.condition} #{criterion.value} and #{criterion.secondValue}
                </when>
                <when test="criterion.listValue">
                  and ${criterion.condition}
                  <foreach close=")" collection="criterion.value" item="listItem" open="(" separator=",">
                    #{listItem}
                  </foreach>
                </when>
              </choose>
            </foreach>
          </trim>
        </if>
      </foreach>
    </where>
  </sql>
  <sql id="Update_By_Example_Where_Clause">
    <where>
      <foreach collection="example.oredCriteria" item="criteria" separator="or">
        <if test="criteria.valid">
          <trim prefix="(" prefixOverrides="and" suffix=")">
            <foreach collection="criteria.criteria" item="criterion">
              <choose>
                <when test="criterion.noValue">
                  and ${criterion.condition}
                </when>
                <when test="criterion.singleValue">
                  and ${criterion.condition} #{criterion.value}
                </when>
                <when test="criterion.betweenValue">
                  and ${criterion.condition} #{criterion.value} and #{criterion.secondValue}
                </when>
                <when test="criterion.listValue">
                  and ${criterion.condition}
                  <foreach close=")" collection="criterion.value" item="listItem" open="(" separator=",">
                    #{listItem}
                  </foreach>
                </when>
              </choose>
            </foreach>
          </trim>
        </if>
      </foreach>
    </where>
  </sql>
  <sql id="Base_Column_List">
    passengerId, passengerName, passengerSex, passengerTel, creditStatus
  </sql>
  <select id="selectByExample" parameterType="cn.jmu.bean.PassengerExample" resultMap="BaseResultMap">
    select
    <if test="distinct">
      distinct
    </if>
    <include refid="Base_Column_List" />
    from passenger
    <if test="_parameter != null">
      <include refid="Example_Where_Clause" />
    </if>
    <if test="orderByClause != null">
      order by ${orderByClause}
    </if>
  </select>
  <select id="selectByPrimaryKey" parameterType="java.lang.String" resultMap="BaseResultMap">
    select 
    <include refid="Base_Column_List" />
    from passenger
    where passengerId = #{passengerid,jdbcType=CHAR}
  </select>
  <delete id="deleteByPrimaryKey" parameterType="java.lang.String">
    delete from passenger
    where passengerId = #{passengerid,jdbcType=CHAR}
  </delete>
  <delete id="deleteByExample" parameterType="cn.jmu.bean.PassengerExample">
    delete from passenger
    <if test="_parameter != null">
      <include refid="Example_Where_Clause" />
    </if>
  </delete>
  <insert id="insert" parameterType="cn.jmu.bean.Passenger">
    insert into passenger (passengerId, passengerName, passengerSex, 
      passengerTel, creditStatus)
    values (#{passengerid,jdbcType=CHAR}, #{passengername,jdbcType=VARCHAR}, #{passengersex,jdbcType=CHAR}, 
      #{passengertel,jdbcType=CHAR}, #{creditstatus,jdbcType=VARCHAR})
  </insert>
  <insert id="insertSelective" parameterType="cn.jmu.bean.Passenger">
    insert into passenger
    <trim prefix="(" suffix=")" suffixOverrides=",">
      <if test="passengerid != null">
        passengerId,
      </if>
      <if test="passengername != null">
        passengerName,
      </if>
      <if test="passengersex != null">
        passengerSex,
      </if>
      <if test="passengertel != null">
        passengerTel,
      </if>
      <if test="creditstatus != null">
        creditStatus,
      </if>
    </trim>
    <trim prefix="values (" suffix=")" suffixOverrides=",">
      <if test="passengerid != null">
        #{passengerid,jdbcType=CHAR},
      </if>
      <if test="passengername != null">
        #{passengername,jdbcType=VARCHAR},
      </if>
      <if test="passengersex != null">
        #{passengersex,jdbcType=CHAR},
      </if>
      <if test="passengertel != null">
        #{passengertel,jdbcType=CHAR},
      </if>
      <if test="creditstatus != null">
        #{creditstatus,jdbcType=VARCHAR},
      </if>
    </trim>
  </insert>
  <select id="countByExample" parameterType="cn.jmu.bean.PassengerExample" resultType="java.lang.Long">
    select count(*) from passenger
    <if test="_parameter != null">
      <include refid="Example_Where_Clause" />
    </if>
  </select>
  <update id="updateByExampleSelective" parameterType="map">
    update passenger
    <set>
      <if test="record.passengerid != null">
        passengerId = #{record.passengerid,jdbcType=CHAR},
      </if>
      <if test="record.passengername != null">
        passengerName = #{record.passengername,jdbcType=VARCHAR},
      </if>
      <if test="record.passengersex != null">
        passengerSex = #{record.passengersex,jdbcType=CHAR},
      </if>
      <if test="record.passengertel != null">
        passengerTel = #{record.passengertel,jdbcType=CHAR},
      </if>
      <if test="record.creditstatus != null">
        creditStatus = #{record.creditstatus,jdbcType=VARCHAR},
      </if>
    </set>
    <if test="_parameter != null">
      <include refid="Update_By_Example_Where_Clause" />
    </if>
  </update>
  <update id="updateByExample" parameterType="map">
    update passenger
    set passengerId = #{record.passengerid,jdbcType=CHAR},
      passengerName = #{record.passengername,jdbcType=VARCHAR},
      passengerSex = #{record.passengersex,jdbcType=CHAR},
      passengerTel = #{record.passengertel,jdbcType=CHAR},
      creditStatus = #{record.creditstatus,jdbcType=VARCHAR}
    <if test="_parameter != null">
      <include refid="Update_By_Example_Where_Clause" />
    </if>
  </update>
  <update id="updateByPrimaryKeySelective" parameterType="cn.jmu.bean.Passenger">
    update passenger
    <set>
      <if test="passengername != null">
        passengerName = #{passengername,jdbcType=VARCHAR},
      </if>
      <if test="passengersex != null">
        passengerSex = #{passengersex,jdbcType=CHAR},
      </if>
      <if test="passengertel != null">
        passengerTel = #{passengertel,jdbcType=CHAR},
      </if>
      <if test="creditstatus != null">
        creditStatus = #{creditstatus,jdbcType=VARCHAR},
      </if>
    </set>
    where passengerId = #{passengerid,jdbcType=CHAR}
  </update>
  <update id="updateByPrimaryKey" parameterType="cn.jmu.bean.Passenger">
    update passenger
    set passengerName = #{passengername,jdbcType=VARCHAR},
      passengerSex = #{passengersex,jdbcType=CHAR},
      passengerTel = #{passengertel,jdbcType=CHAR},
      creditStatus = #{creditstatus,jdbcType=VARCHAR}
    where passengerId = #{passengerid,jdbcType=CHAR}
  </update>
</mapper>