<?xml version="1.0" encoding="UTF-8"?>
<!DOCTYPE mapper PUBLIC "-//mybatis.org//DTD Mapper 3.0//EN" "http://mybatis.org/dtd/mybatis-3-mapper.dtd">
<mapper namespace="cn.jmu.dao.ProvinceMapper">
  <resultMap id="BaseResultMap" type="cn.jmu.bean.Province">
    <id column="provinceId" jdbcType="INTEGER" property="provinceid" />
    <result column="provinceName" jdbcType="VARCHAR" property="provincename" />
  </resultMap>
  <sql id="Example_Where_Clause">
    <where>
      <foreach collection="oredCriteria" item="criteria" separator="or">
        <if test="criteria.valid">
          <trim prefix="(" prefixOverrides="and" suffix=")">
            <foreach collection="criteria.criteria" item="criterion">
              <choose>
                <when test="criterion.noValue">
                  and ${criterion.condition}
                </when>
                <when test="criterion.singleValue">
                  and ${criterion.condition} #{criterion.value}
                </when>
                <when test="criterion.betweenValue">
                  and ${criterion.condition} #{criterion.value} and #{criterion.secondValue}
                </when>
                <when test="criterion.listValue">
                  and ${criterion.condition}
                  <foreach close=")" collection="criterion.value" item="listItem" open="(" separator=",">
                    #{listItem}
                  </foreach>
                </when>
              </choose>
            </foreach>
          </trim>
        </if>
      </foreach>
    </where>
  </sql>
  <sql id="Update_By_Example_Where_Clause">
    <where>
      <foreach collection="example.oredCriteria" item="criteria" separator="or">
        <if test="criteria.valid">
          <trim prefix="(" prefixOverrides="and" suffix=")">
            <foreach collection="criteria.criteria" item="criterion">
              <choose>
                <when test="criterion.noValue">
                  and ${criterion.condition}
                </when>
                <when test="criterion.singleValue">
                  and ${criterion.condition} #{criterion.value}
                </when>
                <when test="criterion.betweenValue">
                  and ${criterion.condition} #{criterion.value} and #{criterion.secondValue}
                </when>
                <when test="criterion.listValue">
                  and ${criterion.condition}
                  <foreach close=")" collection="criterion.value" item="listItem" open="(" separator=",">
                    #{listItem}
                  </foreach>
                </when>
              </choose>
            </foreach>
          </trim>
        </if>
      </foreach>
    </where>
  </sql>
  <sql id="Base_Column_List">
    provinceId, provinceName
  </sql>
  <select id="selectByExample" parameterType="cn.jmu.bean.ProvinceExample" resultMap="BaseResultMap">
    select
    <if test="distinct">
      distinct
    </if>
    <include refid="Base_Column_List" />
    from province
    <if test="_parameter != null">
      <include refid="Example_Where_Clause" />
    </if>
    <if test="orderByClause != null">
      order by ${orderByClause}
    </if>
  </select>
  <select id="selectByPrimaryKey" parameterType="java.lang.Integer" resultMap="BaseResultMap">
    select 
    <include refid="Base_Column_List" />
    from province
    where provinceId = #{provinceid,jdbcType=INTEGER}
  </select>
  <delete id="deleteByPrimaryKey" parameterType="java.lang.Integer">
    delete from province
    where provinceId = #{provinceid,jdbcType=INTEGER}
  </delete>
  <delete id="deleteByExample" parameterType="cn.jmu.bean.ProvinceExample">
    delete from province
    <if test="_parameter != null">
      <include refid="Example_Where_Clause" />
    </if>
  </delete>
  <insert id="insert" parameterType="cn.jmu.bean.Province">
    insert into province (provinceId, provinceName)
    values (#{provinceid,jdbcType=INTEGER}, #{provincename,jdbcType=VARCHAR})
  </insert>
  <insert id="insertSelective" parameterType="cn.jmu.bean.Province">
    insert into province
    <trim prefix="(" suffix=")" suffixOverrides=",">
      <if test="provinceid != null">
        provinceId,
      </if>
      <if test="provincename != null">
        provinceName,
      </if>
    </trim>
    <trim prefix="values (" suffix=")" suffixOverrides=",">
      <if test="provinceid != null">
        #{provinceid,jdbcType=INTEGER},
      </if>
      <if test="provincename != null">
        #{provincename,jdbcType=VARCHAR},
      </if>
    </trim>
  </insert>
  <select id="countByExample" parameterType="cn.jmu.bean.ProvinceExample" resultType="java.lang.Long">
    select count(*) from province
    <if test="_parameter != null">
      <include refid="Example_Where_Clause" />
    </if>
  </select>
  <update id="updateByExampleSelective" parameterType="map">
    update province
    <set>
      <if test="record.provinceid != null">
        provinceId = #{record.provinceid,jdbcType=INTEGER},
      </if>
      <if test="record.provincename != null">
        provinceName = #{record.provincename,jdbcType=VARCHAR},
      </if>
    </set>
    <if test="_parameter != null">
      <include refid="Update_By_Example_Where_Clause" />
    </if>
  </update>
  <update id="updateByExample" parameterType="map">
    update province
    set provinceId = #{record.provinceid,jdbcType=INTEGER},
      provinceName = #{record.provincename,jdbcType=VARCHAR}
    <if test="_parameter != null">
      <include refid="Update_By_Example_Where_Clause" />
    </if>
  </update>
  <update id="updateByPrimaryKeySelective" parameterType="cn.jmu.bean.Province">
    update province
    <set>
      <if test="provincename != null">
        provinceName = #{provincename,jdbcType=VARCHAR},
      </if>
    </set>
    where provinceId = #{provinceid,jdbcType=INTEGER}
  </update>
  <update id="updateByPrimaryKey" parameterType="cn.jmu.bean.Province">
    update province
    set provinceName = #{provincename,jdbcType=VARCHAR}
    where provinceId = #{provinceid,jdbcType=INTEGER}
  </update>
</mapper>