<?xml version="1.0" encoding="UTF-8"?>
<!DOCTYPE mapper PUBLIC "-//mybatis.org//DTD Mapper 3.0//EN" "http://mybatis.org/dtd/mybatis-3-mapper.dtd">
<mapper namespace="cn.jmu.dao.SeatingChartMapper">
  <resultMap id="BaseResultMap" type="cn.jmu.bean.SeatingChart">
    <id column="seatId" jdbcType="INTEGER" property="seatid" />
    <result column="modelId" jdbcType="CHAR" property="modelid" />
    <result column="cabinId" jdbcType="INTEGER" property="cabinid" />
    <result column="position" jdbcType="VARCHAR" property="position" />
  </resultMap>
  <sql id="Example_Where_Clause">
    <where>
      <foreach collection="oredCriteria" item="criteria" separator="or">
        <if test="criteria.valid">
          <trim prefix="(" prefixOverrides="and" suffix=")">
            <foreach collection="criteria.criteria" item="criterion">
              <choose>
                <when test="criterion.noValue">
                  and ${criterion.condition}
                </when>
                <when test="criterion.singleValue">
                  and ${criterion.condition} #{criterion.value}
                </when>
                <when test="criterion.betweenValue">
                  and ${criterion.condition} #{criterion.value} and #{criterion.secondValue}
                </when>
                <when test="criterion.listValue">
                  and ${criterion.condition}
                  <foreach close=")" collection="criterion.value" item="listItem" open="(" separator=",">
                    #{listItem}
                  </foreach>
                </when>
              </choose>
            </foreach>
          </trim>
        </if>
      </foreach>
    </where>
  </sql>
  <sql id="Update_By_Example_Where_Clause">
    <where>
      <foreach collection="example.oredCriteria" item="criteria" separator="or">
        <if test="criteria.valid">
          <trim prefix="(" prefixOverrides="and" suffix=")">
            <foreach collection="criteria.criteria" item="criterion">
              <choose>
                <when test="criterion.noValue">
                  and ${criterion.condition}
                </when>
                <when test="criterion.singleValue">
                  and ${criterion.condition} #{criterion.value}
                </when>
                <when test="criterion.betweenValue">
                  and ${criterion.condition} #{criterion.value} and #{criterion.secondValue}
                </when>
                <when test="criterion.listValue">
                  and ${criterion.condition}
                  <foreach close=")" collection="criterion.value" item="listItem" open="(" separator=",">
                    #{listItem}
                  </foreach>
                </when>
              </choose>
            </foreach>
          </trim>
        </if>
      </foreach>
    </where>
  </sql>
  <sql id="Base_Column_List">
    seatId, modelId, cabinId, position
  </sql>
  <select id="selectByExample" parameterType="cn.jmu.bean.SeatingChartExample" resultMap="BaseResultMap">
    select
    <if test="distinct">
      distinct
    </if>
    <include refid="Base_Column_List" />
    from seatingChart
    <if test="_parameter != null">
      <include refid="Example_Where_Clause" />
    </if>
    <if test="orderByClause != null">
      order by ${orderByClause}
    </if>
  </select>
  <select id="selectByPrimaryKey" parameterType="java.lang.Integer" resultMap="BaseResultMap">
    select 
    <include refid="Base_Column_List" />
    from seatingChart
    where seatId = #{seatid,jdbcType=INTEGER}
  </select>
  <delete id="deleteByPrimaryKey" parameterType="java.lang.Integer">
    delete from seatingChart
    where seatId = #{seatid,jdbcType=INTEGER}
  </delete>
  <delete id="deleteByExample" parameterType="cn.jmu.bean.SeatingChartExample">
    delete from seatingChart
    <if test="_parameter != null">
      <include refid="Example_Where_Clause" />
    </if>
  </delete>
  <insert id="insert" parameterType="cn.jmu.bean.SeatingChart">
    insert into seatingChart (seatId, modelId, cabinId, 
      position)
    values (#{seatid,jdbcType=INTEGER}, #{modelid,jdbcType=CHAR}, #{cabinid,jdbcType=INTEGER}, 
      #{position,jdbcType=VARCHAR})
  </insert>
  <insert id="insertSelective" parameterType="cn.jmu.bean.SeatingChart">
    insert into seatingChart
    <trim prefix="(" suffix=")" suffixOverrides=",">
      <if test="seatid != null">
        seatId,
      </if>
      <if test="modelid != null">
        modelId,
      </if>
      <if test="cabinid != null">
        cabinId,
      </if>
      <if test="position != null">
        position,
      </if>
    </trim>
    <trim prefix="values (" suffix=")" suffixOverrides=",">
      <if test="seatid != null">
        #{seatid,jdbcType=INTEGER},
      </if>
      <if test="modelid != null">
        #{modelid,jdbcType=CHAR},
      </if>
      <if test="cabinid != null">
        #{cabinid,jdbcType=INTEGER},
      </if>
      <if test="position != null">
        #{position,jdbcType=VARCHAR},
      </if>
    </trim>
  </insert>
  <select id="countByExample" parameterType="cn.jmu.bean.SeatingChartExample" resultType="java.lang.Long">
    select count(*) from seatingChart
    <if test="_parameter != null">
      <include refid="Example_Where_Clause" />
    </if>
  </select>
  <update id="updateByExampleSelective" parameterType="map">
    update seatingChart
    <set>
      <if test="record.seatid != null">
        seatId = #{record.seatid,jdbcType=INTEGER},
      </if>
      <if test="record.modelid != null">
        modelId = #{record.modelid,jdbcType=CHAR},
      </if>
      <if test="record.cabinid != null">
        cabinId = #{record.cabinid,jdbcType=INTEGER},
      </if>
      <if test="record.position != null">
        position = #{record.position,jdbcType=VARCHAR},
      </if>
    </set>
    <if test="_parameter != null">
      <include refid="Update_By_Example_Where_Clause" />
    </if>
  </update>
  <update id="updateByExample" parameterType="map">
    update seatingChart
    set seatId = #{record.seatid,jdbcType=INTEGER},
      modelId = #{record.modelid,jdbcType=CHAR},
      cabinId = #{record.cabinid,jdbcType=INTEGER},
      position = #{record.position,jdbcType=VARCHAR}
    <if test="_parameter != null">
      <include refid="Update_By_Example_Where_Clause" />
    </if>
  </update>
  <update id="updateByPrimaryKeySelective" parameterType="cn.jmu.bean.SeatingChart">
    update seatingChart
    <set>
      <if test="modelid != null">
        modelId = #{modelid,jdbcType=CHAR},
      </if>
      <if test="cabinid != null">
        cabinId = #{cabinid,jdbcType=INTEGER},
      </if>
      <if test="position != null">
        position = #{position,jdbcType=VARCHAR},
      </if>
    </set>
    where seatId = #{seatid,jdbcType=INTEGER}
  </update>
  <update id="updateByPrimaryKey" parameterType="cn.jmu.bean.SeatingChart">
    update seatingChart
    set modelId = #{modelid,jdbcType=CHAR},
      cabinId = #{cabinid,jdbcType=INTEGER},
      position = #{position,jdbcType=VARCHAR}
    where seatId = #{seatid,jdbcType=INTEGER}
  </update>
</mapper>