<?xml version="1.0" encoding="UTF-8"?>
<!DOCTYPE mapper PUBLIC "-//mybatis.org//DTD Mapper 3.0//EN" "http://mybatis.org/dtd/mybatis-3-mapper.dtd">
<mapper namespace="cn.jmu.dao.SeatSelectionMapper">
  <resultMap id="BaseResultMap" type="cn.jmu.bean.SeatSelection">
    <id column="seatId" jdbcType="INTEGER" property="seatid" />
    <id column="executiveFlightId" jdbcType="CHAR" property="executiveflightid" />
    <result column="ticketId" jdbcType="INTEGER" property="ticketid" />
    <result column="seatStatus" jdbcType="VARCHAR" property="seatstatus" />
  </resultMap>
  <sql id="Example_Where_Clause">
    <where>
      <foreach collection="oredCriteria" item="criteria" separator="or">
        <if test="criteria.valid">
          <trim prefix="(" prefixOverrides="and" suffix=")">
            <foreach collection="criteria.criteria" item="criterion">
              <choose>
                <when test="criterion.noValue">
                  and ${criterion.condition}
                </when>
                <when test="criterion.singleValue">
                  and ${criterion.condition} #{criterion.value}
                </when>
                <when test="criterion.betweenValue">
                  and ${criterion.condition} #{criterion.value} and #{criterion.secondValue}
                </when>
                <when test="criterion.listValue">
                  and ${criterion.condition}
                  <foreach close=")" collection="criterion.value" item="listItem" open="(" separator=",">
                    #{listItem}
                  </foreach>
                </when>
              </choose>
            </foreach>
          </trim>
        </if>
      </foreach>
    </where>
  </sql>
  <sql id="Update_By_Example_Where_Clause">
    <where>
      <foreach collection="example.oredCriteria" item="criteria" separator="or">
        <if test="criteria.valid">
          <trim prefix="(" prefixOverrides="and" suffix=")">
            <foreach collection="criteria.criteria" item="criterion">
              <choose>
                <when test="criterion.noValue">
                  and ${criterion.condition}
                </when>
                <when test="criterion.singleValue">
                  and ${criterion.condition} #{criterion.value}
                </when>
                <when test="criterion.betweenValue">
                  and ${criterion.condition} #{criterion.value} and #{criterion.secondValue}
                </when>
                <when test="criterion.listValue">
                  and ${criterion.condition}
                  <foreach close=")" collection="criterion.value" item="listItem" open="(" separator=",">
                    #{listItem}
                  </foreach>
                </when>
              </choose>
            </foreach>
          </trim>
        </if>
      </foreach>
    </where>
  </sql>
  <sql id="Base_Column_List">
    seatId, executiveFlightId, ticketId, seatStatus
  </sql>
  <select id="selectByExample" parameterType="cn.jmu.bean.SeatSelectionExample" resultMap="BaseResultMap">
    select
    <if test="distinct">
      distinct
    </if>
    <include refid="Base_Column_List" />
    from seatSelection
    <if test="_parameter != null">
      <include refid="Example_Where_Clause" />
    </if>
    <if test="orderByClause != null">
      order by ${orderByClause}
    </if>
  </select>
  <select id="selectByPrimaryKey" parameterType="cn.jmu.bean.SeatSelectionKey" resultMap="BaseResultMap">
    select 
    <include refid="Base_Column_List" />
    from seatSelection
    where seatId = #{seatid,jdbcType=INTEGER}
      and executiveFlightId = #{executiveflightid,jdbcType=CHAR}
  </select>
  <delete id="deleteByPrimaryKey" parameterType="cn.jmu.bean.SeatSelectionKey">
    delete from seatSelection
    where seatId = #{seatid,jdbcType=INTEGER}
      and executiveFlightId = #{executiveflightid,jdbcType=CHAR}
  </delete>
  <delete id="deleteByExample" parameterType="cn.jmu.bean.SeatSelectionExample">
    delete from seatSelection
    <if test="_parameter != null">
      <include refid="Example_Where_Clause" />
    </if>
  </delete>
  <insert id="insert" parameterType="cn.jmu.bean.SeatSelection">
    insert into seatSelection (seatId, executiveFlightId, ticketId, 
      seatStatus)
    values (#{seatid,jdbcType=INTEGER}, #{executiveflightid,jdbcType=CHAR}, #{ticketid,jdbcType=INTEGER}, 
      #{seatstatus,jdbcType=VARCHAR})
  </insert>
  <insert id="insertSelective" parameterType="cn.jmu.bean.SeatSelection">
    insert into seatSelection
    <trim prefix="(" suffix=")" suffixOverrides=",">
      <if test="seatid != null">
        seatId,
      </if>
      <if test="executiveflightid != null">
        executiveFlightId,
      </if>
      <if test="ticketid != null">
        ticketId,
      </if>
      <if test="seatstatus != null">
        seatStatus,
      </if>
    </trim>
    <trim prefix="values (" suffix=")" suffixOverrides=",">
      <if test="seatid != null">
        #{seatid,jdbcType=INTEGER},
      </if>
      <if test="executiveflightid != null">
        #{executiveflightid,jdbcType=CHAR},
      </if>
      <if test="ticketid != null">
        #{ticketid,jdbcType=INTEGER},
      </if>
      <if test="seatstatus != null">
        #{seatstatus,jdbcType=VARCHAR},
      </if>
    </trim>
  </insert>
  <select id="countByExample" parameterType="cn.jmu.bean.SeatSelectionExample" resultType="java.lang.Long">
    select count(*) from seatSelection
    <if test="_parameter != null">
      <include refid="Example_Where_Clause" />
    </if>
  </select>
  <update id="updateByExampleSelective" parameterType="map">
    update seatSelection
    <set>
      <if test="record.seatid != null">
        seatId = #{record.seatid,jdbcType=INTEGER},
      </if>
      <if test="record.executiveflightid != null">
        executiveFlightId = #{record.executiveflightid,jdbcType=CHAR},
      </if>
      <if test="record.ticketid != null">
        ticketId = #{record.ticketid,jdbcType=INTEGER},
      </if>
      <if test="record.seatstatus != null">
        seatStatus = #{record.seatstatus,jdbcType=VARCHAR},
      </if>
    </set>
    <if test="_parameter != null">
      <include refid="Update_By_Example_Where_Clause" />
    </if>
  </update>
  <update id="updateByExample" parameterType="map">
    update seatSelection
    set seatId = #{record.seatid,jdbcType=INTEGER},
      executiveFlightId = #{record.executiveflightid,jdbcType=CHAR},
      ticketId = #{record.ticketid,jdbcType=INTEGER},
      seatStatus = #{record.seatstatus,jdbcType=VARCHAR}
    <if test="_parameter != null">
      <include refid="Update_By_Example_Where_Clause" />
    </if>
  </update>
  <update id="updateByPrimaryKeySelective" parameterType="cn.jmu.bean.SeatSelection">
    update seatSelection
    <set>
      <if test="ticketid != null">
        ticketId = #{ticketid,jdbcType=INTEGER},
      </if>
      <if test="seatstatus != null">
        seatStatus = #{seatstatus,jdbcType=VARCHAR},
      </if>
    </set>
    where seatId = #{seatid,jdbcType=INTEGER}
      and executiveFlightId = #{executiveflightid,jdbcType=CHAR}
  </update>
  <update id="updateByPrimaryKey" parameterType="cn.jmu.bean.SeatSelection">
    update seatSelection
    set ticketId = #{ticketid,jdbcType=INTEGER},
      seatStatus = #{seatstatus,jdbcType=VARCHAR}
    where seatId = #{seatid,jdbcType=INTEGER}
      and executiveFlightId = #{executiveflightid,jdbcType=CHAR}
  </update>
</mapper>