<?xml version="1.0" encoding="UTF-8"?>
<!DOCTYPE mapper PUBLIC "-//mybatis.org//DTD Mapper 3.0//EN" "http://mybatis.org/dtd/mybatis-3-mapper.dtd">
<mapper namespace="cn.jmu.dao.TerminalMapper">
  <resultMap id="BaseResultMap" type="cn.jmu.bean.Terminal">
    <id column="terminalId" jdbcType="INTEGER" property="terminalid" />
    <result column="airportId" jdbcType="INTEGER" property="airportid" />
    <result column="terminalName" jdbcType="VARCHAR" property="terminalname" />
  </resultMap>
  <sql id="Example_Where_Clause">
    <where>
      <foreach collection="oredCriteria" item="criteria" separator="or">
        <if test="criteria.valid">
          <trim prefix="(" prefixOverrides="and" suffix=")">
            <foreach collection="criteria.criteria" item="criterion">
              <choose>
                <when test="criterion.noValue">
                  and ${criterion.condition}
                </when>
                <when test="criterion.singleValue">
                  and ${criterion.condition} #{criterion.value}
                </when>
                <when test="criterion.betweenValue">
                  and ${criterion.condition} #{criterion.value} and #{criterion.secondValue}
                </when>
                <when test="criterion.listValue">
                  and ${criterion.condition}
                  <foreach close=")" collection="criterion.value" item="listItem" open="(" separator=",">
                    #{listItem}
                  </foreach>
                </when>
              </choose>
            </foreach>
          </trim>
        </if>
      </foreach>
    </where>
  </sql>
  <sql id="Update_By_Example_Where_Clause">
    <where>
      <foreach collection="example.oredCriteria" item="criteria" separator="or">
        <if test="criteria.valid">
          <trim prefix="(" prefixOverrides="and" suffix=")">
            <foreach collection="criteria.criteria" item="criterion">
              <choose>
                <when test="criterion.noValue">
                  and ${criterion.condition}
                </when>
                <when test="criterion.singleValue">
                  and ${criterion.condition} #{criterion.value}
                </when>
                <when test="criterion.betweenValue">
                  and ${criterion.condition} #{criterion.value} and #{criterion.secondValue}
                </when>
                <when test="criterion.listValue">
                  and ${criterion.condition}
                  <foreach close=")" collection="criterion.value" item="listItem" open="(" separator=",">
                    #{listItem}
                  </foreach>
                </when>
              </choose>
            </foreach>
          </trim>
        </if>
      </foreach>
    </where>
  </sql>
  <sql id="Base_Column_List">
    terminalId, airportId, terminalName
  </sql>
  <select id="selectByExample" parameterType="cn.jmu.bean.TerminalExample" resultMap="BaseResultMap">
    select
    <if test="distinct">
      distinct
    </if>
    <include refid="Base_Column_List" />
    from terminal
    <if test="_parameter != null">
      <include refid="Example_Where_Clause" />
    </if>
    <if test="orderByClause != null">
      order by ${orderByClause}
    </if>
  </select>
  <select id="selectByPrimaryKey" parameterType="java.lang.Integer" resultMap="BaseResultMap">
    select 
    <include refid="Base_Column_List" />
    from terminal
    where terminalId = #{terminalid,jdbcType=INTEGER}
  </select>
  <delete id="deleteByPrimaryKey" parameterType="java.lang.Integer">
    delete from terminal
    where terminalId = #{terminalid,jdbcType=INTEGER}
  </delete>
  <delete id="deleteByExample" parameterType="cn.jmu.bean.TerminalExample">
    delete from terminal
    <if test="_parameter != null">
      <include refid="Example_Where_Clause" />
    </if>
  </delete>
  <insert id="insert" parameterType="cn.jmu.bean.Terminal">
    insert into terminal (terminalId, airportId, terminalName
      )
    values (#{terminalid,jdbcType=INTEGER}, #{airportid,jdbcType=INTEGER}, #{terminalname,jdbcType=VARCHAR}
      )
  </insert>
  <insert id="insertSelective" parameterType="cn.jmu.bean.Terminal">
    insert into terminal
    <trim prefix="(" suffix=")" suffixOverrides=",">
      <if test="terminalid != null">
        terminalId,
      </if>
      <if test="airportid != null">
        airportId,
      </if>
      <if test="terminalname != null">
        terminalName,
      </if>
    </trim>
    <trim prefix="values (" suffix=")" suffixOverrides=",">
      <if test="terminalid != null">
        #{terminalid,jdbcType=INTEGER},
      </if>
      <if test="airportid != null">
        #{airportid,jdbcType=INTEGER},
      </if>
      <if test="terminalname != null">
        #{terminalname,jdbcType=VARCHAR},
      </if>
    </trim>
  </insert>
  <select id="countByExample" parameterType="cn.jmu.bean.TerminalExample" resultType="java.lang.Long">
    select count(*) from terminal
    <if test="_parameter != null">
      <include refid="Example_Where_Clause" />
    </if>
  </select>
  <update id="updateByExampleSelective" parameterType="map">
    update terminal
    <set>
      <if test="record.terminalid != null">
        terminalId = #{record.terminalid,jdbcType=INTEGER},
      </if>
      <if test="record.airportid != null">
        airportId = #{record.airportid,jdbcType=INTEGER},
      </if>
      <if test="record.terminalname != null">
        terminalName = #{record.terminalname,jdbcType=VARCHAR},
      </if>
    </set>
    <if test="_parameter != null">
      <include refid="Update_By_Example_Where_Clause" />
    </if>
  </update>
  <update id="updateByExample" parameterType="map">
    update terminal
    set terminalId = #{record.terminalid,jdbcType=INTEGER},
      airportId = #{record.airportid,jdbcType=INTEGER},
      terminalName = #{record.terminalname,jdbcType=VARCHAR}
    <if test="_parameter != null">
      <include refid="Update_By_Example_Where_Clause" />
    </if>
  </update>
  <update id="updateByPrimaryKeySelective" parameterType="cn.jmu.bean.Terminal">
    update terminal
    <set>
      <if test="airportid != null">
        airportId = #{airportid,jdbcType=INTEGER},
      </if>
      <if test="terminalname != null">
        terminalName = #{terminalname,jdbcType=VARCHAR},
      </if>
    </set>
    where terminalId = #{terminalid,jdbcType=INTEGER}
  </update>
  <update id="updateByPrimaryKey" parameterType="cn.jmu.bean.Terminal">
    update terminal
    set airportId = #{airportid,jdbcType=INTEGER},
      terminalName = #{terminalname,jdbcType=VARCHAR}
    where terminalId = #{terminalid,jdbcType=INTEGER}
  </update>
</mapper>