<?xml version="1.0" encoding="UTF-8"?>
<!DOCTYPE mapper PUBLIC "-//mybatis.org//DTD Mapper 3.0//EN" "http://mybatis.org/dtd/mybatis-3-mapper.dtd">
<mapper namespace="cn.jmu.dao.UsersMapper">
  <resultMap id="BaseResultMap" type="cn.jmu.bean.Users">
    <id column="userId" jdbcType="INTEGER" property="userid" />
    <result column="loginId" jdbcType="VARCHAR" property="loginid" />
    <result column="password" jdbcType="VARCHAR" property="password" />
    <result column="userName" jdbcType="VARCHAR" property="username" />
    <result column="userSex" jdbcType="CHAR" property="usersex" />
    <result column="userAge" jdbcType="INTEGER" property="userage" />
    <result column="integral" jdbcType="INTEGER" property="integral" />
  </resultMap>
  <sql id="Example_Where_Clause">
    <where>
      <foreach collection="oredCriteria" item="criteria" separator="or">
        <if test="criteria.valid">
          <trim prefix="(" prefixOverrides="and" suffix=")">
            <foreach collection="criteria.criteria" item="criterion">
              <choose>
                <when test="criterion.noValue">
                  and ${criterion.condition}
                </when>
                <when test="criterion.singleValue">
                  and ${criterion.condition} #{criterion.value}
                </when>
                <when test="criterion.betweenValue">
                  and ${criterion.condition} #{criterion.value} and #{criterion.secondValue}
                </when>
                <when test="criterion.listValue">
                  and ${criterion.condition}
                  <foreach close=")" collection="criterion.value" item="listItem" open="(" separator=",">
                    #{listItem}
                  </foreach>
                </when>
              </choose>
            </foreach>
          </trim>
        </if>
      </foreach>
    </where>
  </sql>
  <sql id="Update_By_Example_Where_Clause">
    <where>
      <foreach collection="example.oredCriteria" item="criteria" separator="or">
        <if test="criteria.valid">
          <trim prefix="(" prefixOverrides="and" suffix=")">
            <foreach collection="criteria.criteria" item="criterion">
              <choose>
                <when test="criterion.noValue">
                  and ${criterion.condition}
                </when>
                <when test="criterion.singleValue">
                  and ${criterion.condition} #{criterion.value}
                </when>
                <when test="criterion.betweenValue">
                  and ${criterion.condition} #{criterion.value} and #{criterion.secondValue}
                </when>
                <when test="criterion.listValue">
                  and ${criterion.condition}
                  <foreach close=")" collection="criterion.value" item="listItem" open="(" separator=",">
                    #{listItem}
                  </foreach>
                </when>
              </choose>
            </foreach>
          </trim>
        </if>
      </foreach>
    </where>
  </sql>
  <sql id="Base_Column_List">
    userId, loginId, password, userName, userSex, userAge, integral
  </sql>
  <select id="selectByExample" parameterType="cn.jmu.bean.UsersExample" resultMap="BaseResultMap">
    select
    <if test="distinct">
      distinct
    </if>
    <include refid="Base_Column_List" />
    from users
    <if test="_parameter != null">
      <include refid="Example_Where_Clause" />
    </if>
    <if test="orderByClause != null">
      order by ${orderByClause}
    </if>
  </select>
  <select id="selectByPrimaryKey" parameterType="java.lang.Integer" resultMap="BaseResultMap">
    select 
    <include refid="Base_Column_List" />
    from users
    where userId = #{userid,jdbcType=INTEGER}
  </select>
  <delete id="deleteByPrimaryKey" parameterType="java.lang.Integer">
    delete from users
    where userId = #{userid,jdbcType=INTEGER}
  </delete>
  <delete id="deleteByExample" parameterType="cn.jmu.bean.UsersExample">
    delete from users
    <if test="_parameter != null">
      <include refid="Example_Where_Clause" />
    </if>
  </delete>
  <insert id="insert" parameterType="cn.jmu.bean.Users">
    insert into users (userId, loginId, password, 
      userName, userSex, userAge, 
      integral)
    values (#{userid,jdbcType=INTEGER}, #{loginid,jdbcType=VARCHAR}, #{password,jdbcType=VARCHAR}, 
      #{username,jdbcType=VARCHAR}, #{usersex,jdbcType=CHAR}, #{userage,jdbcType=INTEGER}, 
      #{integral,jdbcType=INTEGER})
  </insert>
  <insert id="insertSelective" parameterType="cn.jmu.bean.Users">
    insert into users
    <trim prefix="(" suffix=")" suffixOverrides=",">
      <if test="userid != null">
        userId,
      </if>
      <if test="loginid != null">
        loginId,
      </if>
      <if test="password != null">
        password,
      </if>
      <if test="username != null">
        userName,
      </if>
      <if test="usersex != null">
        userSex,
      </if>
      <if test="userage != null">
        userAge,
      </if>
      <if test="integral != null">
        integral,
      </if>
    </trim>
    <trim prefix="values (" suffix=")" suffixOverrides=",">
      <if test="userid != null">
        #{userid,jdbcType=INTEGER},
      </if>
      <if test="loginid != null">
        #{loginid,jdbcType=VARCHAR},
      </if>
      <if test="password != null">
        #{password,jdbcType=VARCHAR},
      </if>
      <if test="username != null">
        #{username,jdbcType=VARCHAR},
      </if>
      <if test="usersex != null">
        #{usersex,jdbcType=CHAR},
      </if>
      <if test="userage != null">
        #{userage,jdbcType=INTEGER},
      </if>
      <if test="integral != null">
        #{integral,jdbcType=INTEGER},
      </if>
    </trim>
  </insert>
  <select id="countByExample" parameterType="cn.jmu.bean.UsersExample" resultType="java.lang.Long">
    select count(*) from users
    <if test="_parameter != null">
      <include refid="Example_Where_Clause" />
    </if>
  </select>
  <update id="updateByExampleSelective" parameterType="map">
    update users
    <set>
      <if test="record.userid != null">
        userId = #{record.userid,jdbcType=INTEGER},
      </if>
      <if test="record.loginid != null">
        loginId = #{record.loginid,jdbcType=VARCHAR},
      </if>
      <if test="record.password != null">
        password = #{record.password,jdbcType=VARCHAR},
      </if>
      <if test="record.username != null">
        userName = #{record.username,jdbcType=VARCHAR},
      </if>
      <if test="record.usersex != null">
        userSex = #{record.usersex,jdbcType=CHAR},
      </if>
      <if test="record.userage != null">
        userAge = #{record.userage,jdbcType=INTEGER},
      </if>
      <if test="record.integral != null">
        integral = #{record.integral,jdbcType=INTEGER},
      </if>
    </set>
    <if test="_parameter != null">
      <include refid="Update_By_Example_Where_Clause" />
    </if>
  </update>
  <update id="updateByExample" parameterType="map">
    update users
    set userId = #{record.userid,jdbcType=INTEGER},
      loginId = #{record.loginid,jdbcType=VARCHAR},
      password = #{record.password,jdbcType=VARCHAR},
      userName = #{record.username,jdbcType=VARCHAR},
      userSex = #{record.usersex,jdbcType=CHAR},
      userAge = #{record.userage,jdbcType=INTEGER},
      integral = #{record.integral,jdbcType=INTEGER}
    <if test="_parameter != null">
      <include refid="Update_By_Example_Where_Clause" />
    </if>
  </update>
  <update id="updateByPrimaryKeySelective" parameterType="cn.jmu.bean.Users">
    update users
    <set>
      <if test="loginid != null">
        loginId = #{loginid,jdbcType=VARCHAR},
      </if>
      <if test="password != null">
        password = #{password,jdbcType=VARCHAR},
      </if>
      <if test="username != null">
        userName = #{username,jdbcType=VARCHAR},
      </if>
      <if test="usersex != null">
        userSex = #{usersex,jdbcType=CHAR},
      </if>
      <if test="userage != null">
        userAge = #{userage,jdbcType=INTEGER},
      </if>
      <if test="integral != null">
        integral = #{integral,jdbcType=INTEGER},
      </if>
    </set>
    where userId = #{userid,jdbcType=INTEGER}
  </update>
  <update id="updateByPrimaryKey" parameterType="cn.jmu.bean.Users">
    update users
    set loginId = #{loginid,jdbcType=VARCHAR},
      password = #{password,jdbcType=VARCHAR},
      userName = #{username,jdbcType=VARCHAR},
      userSex = #{usersex,jdbcType=CHAR},
      userAge = #{userage,jdbcType=INTEGER},
      integral = #{integral,jdbcType=INTEGER}
    where userId = #{userid,jdbcType=INTEGER}
  </update>
</mapper>