<?xml version="1.0" encoding="UTF-8"?>
<beans xmlns="http://www.springframework.org/schema/beans"
	xmlns:xsi="http://www.w3.org/2001/XMLSchema-instance"
	xmlns:context="http://www.springframework.org/schema/context"
	xmlns:mvc="http://www.springframework.org/schema/mvc"
	xsi:schemaLocation="http://www.springframework.org/schema/mvc http://www.springframework.org/schema/mvc/spring-mvc-4.3.xsd
		http://www.springframework.org/schema/beans http://www.springframework.org/schema/beans/spring-beans.xsd
		http://www.springframework.org/schema/context http://www.springframework.org/schema/context/spring-context-4.3.xsd">

	<!-- 1.SpringMvc配置文件(网站跳转逻辑) -->
	<context:component-scan base-package="cn.jmu" use-default-filters="false">
		<!-- 只扫描控制器 -->
		<context:include-filter type="annotation" expression="org.springframework.stereotype.Controller"/>
	</context:component-scan>
	
	<!-- 2.视图解析器配置（方便页面返回） -->
	<bean class="org.springframework.web.servlet.view.InternalResourceViewResolver">
		<property name="prefix" value="/WEB-INF/views/"></property>
		<property name="suffix" value=".jsp"></property>
	</bean>
	<!-- 3.标准配置 -->
		<!-- 3.1将SpringMvc不能处理的请求交给tomcat -->
		<mvc:default-servlet-handler/>
		<!-- 3.2支持SpringMvc高级功能 (JSR303校验，快捷ajax,映射动态请求)-->
		<mvc:annotation-driven/>
</beans>
