<beans xmlns="http://www.springframework.org/schema/beans"
	xmlns:xsi="http://www.w3.org/2001/XMLSchema-instance"
	xmlns:context="http://www.springframework.org/schema/context"
	xmlns:aop="http://www.springframework.org/schema/aop"
	xmlns:tx="http://www.springframework.org/schema/tx"
	xsi:schemaLocation="http://www.springframework.org/schema/beans http://www.springframework.org/schema/beans/spring-beans.xsd
		http://www.springframework.org/schema/context http://www.springframework.org/schema/context/spring-context-4.3.xsd
		http://www.springframework.org/schema/aop http://www.springframework.org/schema/aop/spring-aop-4.3.xsd
		http://www.springframework.org/schema/tx http://www.springframework.org/schema/tx/spring-tx-4.3.xsd">
	
	<!-- Spring配置文件核心点(数据源，MyBatis整合，事务控制) -->
	<!-- 扫描控制器外的所有(控制器SpringMvc扫了) -->
	<context:component-scan base-package="cn.jmu">
		<context:exclude-filter type="annotation" expression="org.springframework.stereotype.Controller"/>
	</context:component-scan>
	
	<!-- 数据库连接池 -->
<context:property-placeholder location="classpath:dbconfig.properties"/>
<bean id="pooledDataSource" class="org.apache.commons.dbcp.BasicDataSource">
    <property name="driverClassName" value="${jdbc.driverClassName}" />
    <property name="url" value="${jdbc.url}" />
    <property name="username" value="${jdbc.username}" />
    <property name="password" value="${jdbc.password}" />
    <!--initialSize: 初始化连接-->
    <property name="initialSize" value="5"/>
    <!--maxIdle: 最大空闲连接-->
    <property name="maxIdle" value="10"/>
    <!--minIdle: 最小空闲连接-->
    <property name="minIdle" value="5"/>
</bean>
	
	<!-- MyBatis整合配置 -->
	<bean id="SqlSessionFactoryBean" class="org.mybatis.spring.SqlSessionFactoryBean">
		<!-- 指定 MyBatis全局配置文件-->
		<property name="configLocation" value="classpath:myBatis-config.xml"></property>
		<property name="dataSource" ref="pooledDataSource"></property>
		<!-- 指定MyBatis。mapper文件的位置 -->
		<property name="mapperLocations" value="classpath:mapper/*.xml"></property>
	</bean>
	
	<!-- 扫描器配置(将MyBatis接口实现加入待ioc容器) -->
	<bean class="org.mybatis.spring.mapper.MapperScannerConfigurer">
		<!-- 扫描所有dao接口的实现加入ioc容器 -->
		<property name="basePackage" value="cn.jmu"></property>
	</bean>
	
	<!-- 事务控制配置 -->
	<bean id="transactionManager" class="org.springframework.jdbc.datasource.DataSourceTransactionManager">
		<!-- 控制住数据源 -->
		<property name="dataSource" ref="pooledDataSource"></property>
	</bean>
	
	<!-- 开启基于注解的事务，使用xml配置形式的事务 -->
	<aop:config>
		<!-- 切入点表达式 -->
		<aop:pointcut expression="execution(* cn.jmu.service..*(..))" id="txPoint"/>
		<!-- 配置事务 -->
		<aop:advisor advice-ref="txAdvice" pointcut-ref="txPoint"/>
	</aop:config>
	
	<!-- 配置事务增强(事务如何切入) -->
	<tx:advice id="txAdvice">
		<tx:attributes>
			<!-- 所有方法都是事务方法 -->
			<tx:method name="*"/>
			<!-- 以get开始的所有方法 -->
			<tx:method name="get*" read-only="true"/>
		</tx:attributes>
	</tx:advice>
	
</beans>
